dataset,candidate_index,proof_id,arm,successful,missed_reviews,mutation_start_line,influence_end_line,span_lines,span_lower,span_upper,confidence,mutated_object,endpoint_rationale,endpoint_excerpt,annotator
graduate_course,1,analysis_measures_integration_hilbert,strategies,False,0,1245,1252,7,7,7,high,"The edit is in the proof of Proposition 1.3 near the end of the manuscript. The normalization of the vector `w0` was changed from `w/Lw` to `w/|Lw|`, while the proof continues by claiming that `Lw0 = 1` and hence that `u - (Lu)w0` lies in the null space of `L`.",The changed object remains a direct input to the enclosing argument through line 1252; later text treats the resulting claim as an opaque subresult.,The uniqueness of v follows from the positivity of the norm.           □,codex-graduate-course
graduate_course,2,analysis_differential_operators_wavefront_spectral,strategies,False,0,788,831,42,42,42,high,"The edit is in the hypothesis of Lemma 7.5, at the beginning of the cone-support pairing discussion. The original requirement that the two closed sets be disjoint was weakened to the requirement that their interiors be disjoint. No downstream edits were made.",The changed object remains a direct input to the enclosing argument through line 831; later text treats the resulting claim as an opaque subresult.,S(Rn ).                                                               □,codex-graduate-course
graduate_course,3,topology_homological_algebra_kunneth,generic,False,0,529,530,2,2,2,high,"The edit adds the sentence immediately after the proposition on the cohomology cross product claiming that, over a field, the cross product is always an isomorphism.",The changed object remains a direct input to the enclosing argument through line 530; later text treats the resulting claim as an opaque subresult.,"If $A$ and $B$ are graded $R$-algebras, then $(A\otimes B)_n=\bigoplus_{p+q=n}A_p\otimes_R B_q$, and $(a\otimes b)(a^\prime\otimes b^\prime)=(-1)^{|a^\prime|\cdot|b|}aa^\prime\otimes bb^\prime$. This tensor product is graded commutative if $A$ and $B$ are.",codex-graduate-course
graduate_course,4,nt_dedekind_domains_etale_algebras,generic,True,1,314,321,7,7,7,high,"The edit is in Theorem 3.23, in its third equivalent condition. I weakened “Every nonzero ideal in A is invertible” to “Every finitely generated nonzero ideal in A is invertible.” No dependent edits were made, since the theorem's proof is only referred to Problem Set 2.",The changed object remains a direct input to the enclosing argument through line 321; later text treats the resulting claim as an opaque subresult.,Proof. See Problem Set 2.,codex-graduate-course
graduate_course,5,nt_global_fields_geometry_numbers,generic,False,0,311,319,6,6,6,high,The edit is in the nonarchimedean part of the proof of Lemma 13.19. It replaces the residue degree `f = [k_w:k_v]` by the ramification index `e = e(w/v)` throughout the uniformizer calculation.,The changed assertion has no later direct consumer before it is packaged; the final changed line is therefore the endpoint.,∥x∥w = (#kw )−w(x) = (#kv )−e w(x) = ∥NLw /Kv (x)∥v .,codex-graduate-course
graduate_course,6,topology_relative_homology_excision,generic,False,0,58,59,1,1,1,high,"The edit is in the proof of the long exact homology sequence, in the paragraph checking that the connecting homomorphism is well-defined. The original left independence of the cycle representative as an exercise; the mutation supplies an invalid argument asserting that if the image of $b'-b$ under $g$ is a boundary, then exactness forces $b'-b$ itself to be a boundary.",The changed object remains a direct input to the enclosing argument through line 59; later text treats the resulting claim as an opaque subresult.,\end{proof},codex-graduate-course
graduate_course,7,analysis_measures_integration_hilbert,strategies,True,2,1257,1257,1,1,1,high,"The edit is in Corollary 1.4 at the end of the Hilbert-space section: the representing function is asserted to belong to `L1(X, µ)` rather than `L2(X, µ)`.",The changed assertion has no later direct consumer before it is packaged; the final changed line is therefore the endpoint.,"Lf =        f g dµ , g ∈ L1 (X, µ) .",codex-graduate-course
graduate_course,8,analysis_measures_integration_hilbert,generic,False,0,75,1142,971,971,971,medium,"The definition of local compactness in the paragraph following the definition of the supremum norm was changed from requiring a compact neighborhood (equivalently, membership in the interior of a compact set) to requiring a complete neighborhood/interior of a complete set.",The changed object remains a direct input to the enclosing argument through line 1142; later text treats the resulting claim as an opaque subresult.,In my view this is quite enough measure theory.                         □,codex-graduate-course
graduate_course,9,nt_local_fields_hensel_complete_dvrs,generic,True,2,755,758,3,3,3,high,The edit is in the statement of Theorem 10.19: “finite residue field” was replaced by “perfect residue field.” No dependent edits were made because the proof is only cited.,The changed object remains a direct input to the enclosing argument through line 758; later text treats the resulting claim as an opaque subresult.,Proof. See Problem Set 6.,codex-graduate-course
graduate_course,10,nt_local_fields_hensel_complete_dvrs,strategies,True,1,356,360,5,5,5,high,"The edit is in Corollary 9.21. In both occurrences of the formula relating the norm of \(\alpha\) to the constant coefficient of its minimal polynomial, the exponent on the sign was changed from \(n=[L:K]\) to \(d=\deg f=[K(\alpha):K]\). The corresponding sign in the polynomial used in the converse was changed from \(n\) to \(d\) as a necessary dependent edit, so that the converse remains internally consistent with the mutated identity.",The changed object remains a direct input to the enclosing argument through line 360; later text treats the resulting claim as an opaque subresult.,and α is therefore integral over A.,codex-graduate-course
graduate_course,11,topology_relative_homology_excision,generic,False,0,71,75,2,2,2,high,"The edit weakens the definition of an excisive triple in the first definition under “Excision, and the Eilenberg-Steenrod axioms”: it replaces the requirement $\overline U\subseteq\operatorname{Int}(A)$ by $\overline U\subseteq A$.",The changed object remains a direct input to the enclosing argument through line 75; later text treats the resulting claim as an opaque subresult.,\end{theorem},codex-graduate-course
graduate_course,12,analysis_measures_integration_hilbert,strategies,False,0,715,721,6,6,6,high,"In the converse direction of Lemma 4.2, the level sets on line 715 were changed from `{x ∈ E; f(x) > 1/n}` to `{x ∈ E; f(x) > n}`. The unchanged proof then incorrectly says that these sets increase and exhaust `{x ∈ E; f(x) > 0}`. In fact they decrease, and their union (for positive integer `n`) is only `{x ∈ E; f(x) > 1}`.",The changed object remains a direct input to the enclosing argument through line 721; later text treats the resulting claim as an opaque subresult.,has positive integral so E f dµ > 0.                                    □,codex-graduate-course
graduate_course,13,nt_local_fields_hensel_complete_dvrs,generic,True,3,751,758,6,6,6,high,The edit generalizes the paragraph preceding Theorem 10.19 and the hypothesis of Theorem 10.19 from a finite residue field to a perfect residue field.,The changed object remains a direct input to the enclosing argument through line 758; later text treats the resulting claim as an opaque subresult.,Proof. See Problem Set 6.,codex-graduate-course
graduate_course,14,nt_local_fields_hensel_complete_dvrs,generic,True,1,755,758,3,3,3,high,"The edit is in the hypothesis of Theorem 10.19: “finite residue field” was changed to “perfect residue field.” No dependent edits were made, since the proof is only cited as a problem-set exercise.",The changed object remains a direct input to the enclosing argument through line 758; later text treats the resulting claim as an opaque subresult.,Proof. See Problem Set 6.,codex-graduate-course
graduate_course,15,nt_ideal_norms_dedekind_kummer,generic,False,0,477,484,7,7,7,high,The edit is in the final paragraph of the proof of Theorem 6.14. It removes the ideal-containment/valuation comparison and instead concludes,The changed assertion has no later direct consumer before it is packaged; the final changed line is therefore the endpoint.,"that pB = qe11 · · · qerr , and the theorem follows.",codex-graduate-course
graduate_course,16,analysis_differential_operators_wavefront_spectral,strategies,False,0,149,200,48,48,48,high,"The support hypothesis in Theorem 6.6, near equation (6.14), was weakened from compact support of \(φ\) to support of finite Lebesgue measure. The matching sentence at the start of the support argument was changed accordingly; no other part of the proof was changed.",The changed object remains a direct input to the enclosing argument through line 200; later text treats the resulting claim as an opaque subresult.,follows.,codex-graduate-course
graduate_course,17,nt_global_fields_geometry_numbers,generic,False,0,350,351,2,2,2,high,"The edit is in footnote 4 of the proof of Theorem 13.21. It replaces the valid existence of a separating element with the assertion that every nonconstant element of the rational function field is separating, purportedly because the constant field is perfect.",The changed assertion has no later direct consumer before it is packaged; the final changed line is therefore the endpoint.,Fq (z) ≃ Fq (t) and L/Fq (t) is separable.,codex-graduate-course
graduate_course,18,nt_dedekind_domains_etale_algebras,generic,False,0,841,841,1,1,1,high,The edit is in Remark 4.43. It replaces the requirement that the extension field contain the splitting field of `f` with the weaker requirement that it contain just one root of each irreducible factor.,The changed assertion has no later direct consumer before it is packaged; the final changed line is therefore the endpoint.,any extension of K that contains a root of each irreducible factor of f .,codex-graduate-course
graduate_course,19,topology_homological_algebra_kunneth,strategies,False,0,196,205,5,5,5,high,"The hypothesis in the unnamed Kunneth-type theorem immediately preceding the Kunneth theorem was changed from degreewise freeness of the chain complex, ""$C_n$ is free for every $n$,"" to freeness of its homology, ""$H_n(C)$ is free for every $n$."" No downstream edits were made.",The changed object remains a direct input to the enclosing argument through line 205; later text treats the resulting claim as an opaque subresult.,\end{proof},codex-graduate-course
graduate_course,20,nt_local_fields_hensel_complete_dvrs,generic,False,0,328,331,3,3,3,high,"The edit is in the statement of Lemma 9.19 (Hensel's lemma III): “unique” was added to the asserted lifts `g,h` without imposing a normalization such as monicity.",The changed object remains a direct input to the enclosing argument through line 331; later text treats the resulting claim as an opaque subresult.,"Proof. See [2, Theorem II.4.6] or [5, Lemma 10.148.3].",codex-graduate-course
graduate_course,21,nt_local_fields_hensel_complete_dvrs,strategies,False,0,291,294,4,4,4,high,The edit is in the statement of Lemma 9.16. It enlarges the region in which the limiting root is asserted to be unique from `|a-a0| <= epsilon = |f(a0)|/|f'(a0)|^2` to the entire residue-class ball `|a-a0| < 1`.,The changed object remains a direct input to the enclosing argument through line 294; later text treats the resulting claim as an opaque subresult.,"Moreover, |f (an )| ≤ ϵ2 |f ′ (a0 )|2 for all n ≥ 0.",codex-graduate-course
graduate_course,22,nt_dedekind_domains_etale_algebras,strategies,False,0,403,418,14,14,14,high,"The hypothesis of Theorem 4.9 was weakened from “algebraically closed” to “separably closed,” with no other changes. The Zorn argument still reaches the step where a root in Ω of the transported minimal polynomial is required, but separable closedness guarantees such a root only for separable polynomials.",The changed object remains a direct input to the enclosing argument through line 418; later text treats the resulting claim as an opaque subresult.,"by (F, ϕF ), contradicting its maximality.",codex-graduate-course
graduate_course,23,geometry_fredholm_smale_transversality,strategies,False,0,132,504,243,243,243,medium,"The edit is in Definition 16.10: “the image of the unit ball has compact closure” was replaced by the requirement that the image of the closed unit ball itself be compact. These conditions are not equivalent for general Banach spaces, because the image of a closed ball under even a finite-rank operator need not be closed.",The changed object remains a direct input to the enclosing argument through line 504; later text treats the resulting claim as an opaque subresult.,Fredholm.,codex-graduate-course
graduate_course,24,nt_global_fields_geometry_numbers,strategies,True,3,324,333,10,10,10,high,The edit is in Remark 13.20. It replaces the full local degree `n = [L_w:K_v]` by the ramification index `e = e(w/v)` in the statement describing the power relating the globally normalized absolute value on `L_w` to the uniquely extended local absolute value.,The changed object remains a direct input to the enclosing argument through line 333; later text treats the resulting claim as an opaque subresult.,"simultaneously and it is better to use the “right"" normalization in each setting.",codex-graduate-course
graduate_course,25,analysis_differential_operators_wavefront_spectral,generic,False,0,453,463,11,11,11,high,"The edit is in the proof of Theorem 6.12, immediately after (6.38), at the sentence invoking Sobolev embedding. The original sufficient condition",The changed object remains a direct input to the enclosing argument through line 463; later text treats the resulting claim as an opaque subresult.,{0}.,codex-graduate-course
graduate_course,26,analysis_measures_integration_hilbert,generic,True,2,284,288,5,5,5,high,"The edit is in Lemma 1.8, where the hypothesis that the ambient metric space is locally compact was removed. No dependent edits were needed: the subsequent use still occurs in the standing setting of a locally compact metric space, but the lemma as stated is now genuinely false.",The changed object remains a direct input to the enclosing argument through line 288; later text treats the resulting claim as an opaque subresult.,(1.15)                fi = 1 in a neighborhood of K .,codex-graduate-course
graduate_course,27,nt_ideal_norms_dedekind_kummer,strategies,True,2,637,644,6,6,6,high,The edit is in condition (b) of Theorem 6.28: the equality,The changed object remains a direct input to the enclosing argument through line 644; later text treats the resulting claim as an opaque subresult.,Proof. See Problem Set 3.,codex-graduate-course
graduate_course,28,topology_homological_algebra_kunneth,strategies,False,0,609,614,3,3,3,high,"The edit is in item 2 of the decomposition argument for nonsingular symmetric bilinear forms over $\mathbb F_2$. It weakens the hypothesis from every vector being isotropic to the existence of one nonzero isotropic vector, and removes the now-redundant instruction to choose such a vector.",The changed object remains a direct input to the enclosing argument through line 614; later text treats the resulting claim as an opaque subresult.,\end{prop},codex-graduate-course
graduate_course,29,analysis_measures_integration_hilbert,generic,False,0,748,767,18,18,18,high,"The edit is in the proof of Theorem 4.3 (Monotone Convergence), at the definition of the sets \(E_n\). The original threshold \(f_n\ge c g\), with \(0<c<1\), was changed to \(f_n\ge g\), while the following assertion that \(E=\bigcup_n E_n\) was left in place.",The changed object remains a direct input to the enclosing argument through line 767; later text treats the resulting claim as an opaque subresult.,They must therefore be equal.                                            □,codex-graduate-course
graduate_course,30,analysis_convergence_lp,strategies,False,0,1135,1154,19,19,19,high,"The definition of “vanishes at infinity” near the end of the proof was changed by replacing the required compact set \(K\) with a merely closed set. The two later invocations of that definition in the proof of Theorem 0.3 were changed in the same way. In the cutoff step, the notation \(K\prec g\), whose earlier definition itself includes compactness of \(K\), was expanded to the properties needed there so that the altered argument remains unambiguous. These are the only dependent edits.",The changed object remains a direct input to the enclosing argument through line 1154; later text treats the resulting claim as an opaque subresult.,"Then |f | = |f − fn + fn | ≤ ϵ/2 + ϵ/2 = ϵ on K c . Thus, f ∈ C0 (X). □",codex-graduate-course
graduate_course,31,nt_dedekind_domains_etale_algebras,strategies,False,0,319,321,2,2,2,high,"The edit is in the last bullet of Theorem 3.23. It removes the requirement that the chosen element `a` be nonzero, while leaving the universal quantifier and conclusion unchanged.",The changed object remains a direct input to the enclosing argument through line 321; later text treats the resulting claim as an opaque subresult.,Proof. See Problem Set 2.,codex-graduate-course
graduate_course,32,analysis_convergence_lp,strategies,False,0,1043,1052,9,9,9,high,"The edit is in the proof of the Riesz--Fischer theorem for the case \(p=\infty\). In the definition of the common null set \(N\), the union over all pairwise exceptional sets \(B_{m,n}\) was replaced by the union over only the consecutive exceptional sets \(B_{n,n+1}\). No downstream text was changed: the next sentence still concludes that \(f_n(x)\) is Cauchy for every \(x\notin N\).",The changed object remains a direct input to the enclosing argument through line 1052; later text treats the resulting claim as an opaque subresult.,"f = 0 on N , we have ‖f ‖∞ < ∞ and ‖fn − f ‖∞ → 0 as n → ∞.           □",codex-graduate-course
graduate_course,33,geometry_fredholm_smale_transversality,strategies,False,0,109,112,4,4,4,high,"The edit is in the proof of Corollary 16.6. In the definition of the proposed complement, the upper limit of the intersection was changed from (n) to (n-1), so that",The changed object remains a direct input to the enclosing argument through line 112; later text treats the resulting claim as an opaque subresult.,i =,codex-graduate-course
graduate_course,34,topology_homological_algebra_kunneth,generic,False,0,609,614,3,3,3,high,"The edit is in item 2 of the symmetric-bilinear-form classification argument. It weakens the hypothesis from $v\cdot v=0$ for every vector to the existence of one nonzero isotropic vector, and removes the now-redundant instruction to choose such a vector.",The changed object remains a direct input to the enclosing argument through line 614; later text treats the resulting claim as an opaque subresult.,\end{prop},codex-graduate-course
graduate_course,35,nt_dedekind_domains_etale_algebras,strategies,False,0,214,220,6,6,6,high,"The edit is in the membership characterization immediately after the ideal arithmetic formulas in §3.2. In both the displayed biconditional and the ensuing set description of a fractional ideal, “for all p” was replaced by “for all p with e_p ≠ 0.” The second edit is dependent on the first and keeps the two consecutive formulations consistent.",The changed object remains a direct input to the enclosing argument through line 220; later text treats the resulting claim as an opaque subresult.,We have I ⊆ A if and only if ep ≥ 0 for all p.,codex-graduate-course
graduate_course,36,geometry_fredholm_smale_transversality,generic,False,0,823,1041,148,148,148,high,"The edit occurs in the proof of Theorem 19.1 and the proof of Proposition 19.4. It broadens the initial even-dimensional case from `n > 2` to `n ≥ 2`, and makes the matching dependent change where disjoint connecting curves are chosen.",The changed object remains a direct input to the enclosing argument through line 1041; later text treats the resulting claim as an opaque subresult.,,codex-graduate-course
graduate_course,37,nt_local_fields_hensel_complete_dvrs,strategies,True,1,561,580,17,17,17,high,"The edit is in the first paragraph of the proof of Theorem 10.12. In the branch where the chosen lift does not already make `g(alpha_0)` a uniformizer, the definition `alpha := alpha_0 + pi_0` was changed to `alpha := alpha_0 + pi_0^2`. The adjacent Taylor expansion was updated to use that squared perturbation, but its conclusion `v_q(g(alpha)) = 1` was retained. That conclusion requires a first-order perturbation by `pi_0`; a perturbation by `pi_0^2` generally changes `g(alpha_0)` only modulo `q^2` and therefore cannot create valuation one.",The changed object remains a direct input to the enclosing argument through line 580; later text treats the resulting claim as an opaque subresult.,"of 1, . . . , αn−1 . Thus B = A[α].",codex-graduate-course
graduate_course,38,analysis_differential_operators_wavefront_spectral,strategies,False,0,1348,1376,26,26,26,high,"The endpoint convention in the construction of the spectral projections was changed in the paragraph and display (2.21): the defining integral for `P_b` is now over `[m,b)` rather than `[m,b]`. The later assertion that",The changed object remains a direct input to the enclosing argument through line 1376; later text treats the resulting claim as an opaque subresult.,not so hard but I shall not do it.,codex-graduate-course
graduate_course,39,nt_ideal_norms_dedekind_kummer,strategies,False,0,247,252,4,4,4,high,"The edit is the two-line “In particular” assertion immediately after the proof of Corollary 6.9. It claims that, when a fractional B-ideal is generated by α1, …, αm, its ideal norm is generated by the field norms of those chosen generators.",The changed object remains a direct input to the enclosing argument through line 252; later text treats the resulting claim as an opaque subresult.,norm. In view of this we extend our definition of the field norm NL/K to fractional ideals,codex-graduate-course
graduate_course,40,geometry_fredholm_smale_transversality,strategies,False,0,296,304,8,8,8,high,The edit is in condition 2 of Lemma 16.17: “Every bounded sequence” was changed to “Every sequence.” No downstream text was changed.,The changed object remains a direct input to the enclosing argument through line 304; later text treats the resulting claim as an opaque subresult.,closed follows immediately from 2.,codex-graduate-course
graduate_course,41,nt_global_fields_geometry_numbers,strategies,False,0,482,539,45,45,45,medium,"The edit weakens Definition 14.8 at the displayed definition of a fundamental domain. Instead of requiring the translates of $F$ to be genuinely disjoint (equivalently, requiring exactly one representative of every coset), it requires only that they cover and have pairwise disjoint interiors. The union symbols in the proofs of Propositions 14.9 and 14.11 were changed to match this weakened definition; the subsequent uses of countable additivity were deliberately left unchanged.",The changed object remains a direct input to the enclosing argument through line 539; later text treats the resulting claim as an opaque subresult.,"(S and a fundamental domain for Λ), and is thus independent of the choice of µ.",codex-graduate-course
graduate_course,42,nt_ideal_norms_dedekind_kummer,strategies,False,0,729,729,1,1,1,high,The edit is in Corollary 6.33. It replaces the hypothesis that `pB` is prime to the conductor by the weaker assertion that `pB` is not contained in the conductor.,The changed assertion has no later direct consumer before it is packaged; the final changed line is therefore the endpoint.,with the assumption that pB is not contained in the conductor of A[α] in B.,codex-graduate-course
graduate_course,43,nt_ideal_norms_dedekind_kummer,generic,False,0,216,221,6,6,6,high,The edit is in the proof of Proposition 6.7. It replaces the correct assertion that \(B_{\mathfrak p}\) is a semilocal Dedekind domain (and hence a PID) by the assertion that \(B_{\mathfrak p}\) is a DVR.,The changed object remains a direct input to the enclosing argument through line 221; later text treats the resulting claim as an opaque subresult.,NB/A (IJ) =     NBp /Ap (Ip Jp ) =   NBp /Ap (Ip )NBp /Ap (Jp ) = NB/A (I)NB/A (J).,codex-graduate-course
graduate_course,44,topology_homological_algebra_kunneth,strategies,False,0,609,614,3,3,3,high,"The edit is in item 2 of the decomposition argument under “Symmetric bilinear forms.” It changes the hypothesis that every vector is isotropic, $v\cdot v=0$ for all $v\in V$, to the existence of some nonzero isotropic vector. The following sentence was adjusted only to select that stipulated nonzero vector coherently.",The changed object remains a direct input to the enclosing argument through line 614; later text treats the resulting claim as an opaque subresult.,\end{prop},codex-graduate-course
graduate_course,45,topology_homological_algebra_kunneth,strategies,True,2,529,551,15,15,15,high,"The edit is in the paragraph immediately following the proposition that the cohomology cross product is an algebra homomorphism. In the multiplication on the tensor product of graded algebras, the Koszul exponent was changed from $|a'|\,|b|$ to $|a|\,|b'|$.",The changed object remains a direct input to the enclosing argument through line 551; later text treats the resulting claim as an opaque subresult.,\end{proof},codex-graduate-course
graduate_course,46,nt_global_fields_geometry_numbers,strategies,False,0,482,540,46,46,46,medium,"The edit is in Definition 14.8. It replaces the requirement that the lattice translates of a fundamental domain form a disjoint union (equivalently, that the domain contain exactly one representative of every coset) by the weaker requirements that they cover the space and have pairwise disjoint interiors.",The changed object remains a direct input to the enclosing argument through line 540; later text treats the resulting claim as an opaque subresult.,"(S and a fundamental domain for Λ), and is thus independent of the choice of µ.",codex-graduate-course
graduate_course,47,analysis_differential_operators_wavefront_spectral,generic,False,0,951,966,14,14,14,high,"In Lemma 7.11, displays (7.33)--(7.35), the strict integrability threshold \(|\alpha|>|\beta|+n/2\) was changed to the inclusive threshold \(|\alpha|\geq |\beta|+n/2\). The corresponding Fourier-side statements were changed only to keep the claimed consequence consistent with (7.33).",The changed object remains a direct input to the enclosing argument through line 966; later text treats the resulting claim as an opaque subresult.,(7.32) holds.                                                    □,codex-graduate-course
graduate_course,48,nt_global_fields_geometry_numbers,generic,False,0,311,320,7,7,7,high,"In the nonarchimedean part of Lemma 13.19, the residue degree `f = [k_w:k_v]` was replaced by the ramification degree `e = e(L_w/K_v)`, both in the prose and in the three ensuing displayed calculations. This is a single root-cause confusion between the two local extension invariants.",The changed assertion has no later direct consumer before it is packaged; the final changed line is therefore the endpoint.,∥x∥w = (#kw )−w(x) = (#kv )−e w(x) = ∥NLw /Kv (x)∥v .,codex-graduate-course
graduate_course,49,analysis_convergence_lp,generic,False,0,692,704,12,12,12,high,"The edit is in Theorem 0.4 in the section “Dominated convergence theorem holds for convergence in measure.” It replaces domination by one fixed integrable function with the weaker condition that the sequence is uniformly bounded in L1, and adjusts the proof’s invocation of dominated convergence accordingly.",The changed object remains a direct input to the enclosing argument through line 704; later text treats the resulting claim as an opaque subresult.,□,codex-graduate-course
graduate_course,50,topology_relative_homology_excision,strategies,False,0,71,75,2,2,2,high,"The edit is in the definition of an excisive triple under “Excision, and the Eilenberg-Steenrod axioms.” It replaces the required condition \(\overline U\subseteq\operatorname{Int}(A)\) by the weaker condition \(U\subseteq\operatorname{Int}(A)\). The following theorem is left unchanged, so it now asserts excision under this weaker hypothesis.",The changed object remains a direct input to the enclosing argument through line 75; later text treats the resulting claim as an opaque subresult.,\end{theorem},codex-graduate-course
graduate_course,51,analysis_convergence_lp,generic,False,0,692,704,12,12,12,high,"The edit is in Theorem 0.4 and its proof in the section “Dominated convergence theorem holds for convergence in measure.” The original integrable domination hypothesis `|f_n| <= |g|` with `g in L^1` was replaced by the assumptions that every `f_n` and `f` is integrable and that the sequence is uniformly pointwise bounded by a finite constant `M`. Correspondingly, the proof now invokes bounded convergence on the almost-everywhere convergent subsubsequence.",The changed object remains a direct input to the enclosing argument through line 704; later text treats the resulting claim as an opaque subresult.,□,codex-graduate-course
graduate_course,52,nt_ideal_norms_dedekind_kummer,generic,False,0,240,260,17,17,17,high,"The mutation is in Corollary 6.9, immediately after the displayed characterization of the ideal norm, together with the added final sentence of its proof. It asserts that the norms of any finite set of A-module generators of I already generate the norm ideal. The supporting local step incorrectly assumes that if the localized elements generate the principal ideal I_p as an A_p-module, then one of those elements must itself generate I_p as a B_p-ideal.",The changed object remains a direct input to the enclosing argument through line 260; later text treats the resulting claim as an opaque subresult.,that this is also true for the composition of the bottom maps.,codex-graduate-course
graduate_course,53,geometry_fredholm_smale_transversality,generic,True,1,489,503,10,10,10,high,"The edit is in Theorem 16.26 and the converse part of its proof. The original two-sided parametrix requirement (both `RT-I` and `TR-I` compact) was replaced by the one-sided requirement that only `RT-I` be compact. The converse proof was adjusted to claim that after taking adjoints, `T*R*=I+K*` implies `ker(T*)` is finite-dimensional.",The changed assertion has no later direct consumer before it is packaged; the final changed line is therefore the endpoint.,operator is Fredholm.,codex-graduate-course
graduate_course,55,nt_dedekind_domains_etale_algebras,strategies,False,0,759,793,34,34,34,high,"The edit is in Theorem 4.40, conditions (c) and (d): the quantifier over all field extensions has been restricted to separable field extensions. These two parallel edits are the dependent instances of one root change, namely omitting inseparable base changes from the criterion.",The changed object remains a direct input to the enclosing argument through line 793; later text treats the resulting claim as an opaque subresult.,"separable, so their product f is separable and L = K[x]/(f ), as desired.",codex-graduate-course
graduate_course,56,nt_ideal_norms_dedekind_kummer,strategies,False,0,349,360,11,11,11,high,"The edit is in Section 6.3, in the paragraph interpreting the pushforward coefficient \(f_Q\). It changes the parenthetical acknowledgment that perfectness is being used into the claim that the description by \(f_Q\) distinct geometric points remains valid over an imperfect field.",The changed object remains a direct input to the enclosing argument through line 360; later text treats the resulting claim as an opaque subresult.,an alternative definition (by Theorem 5.43). It is a weighted measure of the cardinality of,codex-graduate-course
graduate_course,57,analysis_measures_integration_hilbert,strategies,False,0,746,766,19,19,19,high,"The edit is in the proof of Theorem 4.3, around display (4.7). It removes the factor `0 < c < 1` and replaces the level sets",The changed object remains a direct input to the enclosing argument through line 766; later text treats the resulting claim as an opaque subresult.,They must therefore be equal.                                            □,codex-graduate-course
graduate_course,58,topology_relative_homology_excision,strategies,False,0,71,75,2,2,2,high,"The edit is in the definition of an excisive triple in the section “Excision, and the Eilenberg-Steenrod axioms.” The original requirement \[ \overline U\subseteq \operatorname{Int}(A) \] was weakened to \[ \overline U\subseteq A. \] No downstream text was changed: in particular, the immediately following theorem still claims that deleting such a set induces an isomorphism in relative homology.",The changed object remains a direct input to the enclosing argument through line 75; later text treats the resulting claim as an opaque subresult.,\end{theorem},codex-graduate-course
graduate_course,59,topology_relative_homology_excision,strategies,True,2,585,622,18,18,18,high,"The edit occurs in the two repeated computations of the relative group $H_q(X_k,X_{k-1})$ in the cellular-homology sections. The original free abelian group $\mathbb Z[A_k]$ was replaced by the direct product $\prod_{\alpha\in A_k}\mathbb Z$ in degree $k$; the second occurrence was changed only to keep the repeated lemma consistent with the first.",The changed object remains a direct input to the enclosing argument through line 622; later text treats the resulting claim as an opaque subresult.,"The right arrow is an isomorphism. The top arrow is an isomorphism. The lemma says that the bottom map is an isomorphism, so that $ H_q\left(\coprod D^n_\alpha,\coprod S^{n-1}_\alpha\right)\to H_q(X_n,X_{n-1})$ is an isomorphism. This is called the ``cellular $n$-chains'' on $X$.",codex-graduate-course
graduate_course,60,analysis_measures_integration_hilbert,strategies,False,0,644,655,11,11,11,high,"The edit is in the proof of Proposition 3.3, in the upper limit on the index used to define the sets \(E_{n,k}\). The original bound \(0\leq k\leq 2^{2n}-1\) was changed to \(0\leq k\leq 2^{2n}\), while the separate truncation set \(E_n^0=\{f\geq 2^n\}\) and the formula for \(f_n\) were left unchanged.",The changed object remains a direct input to the enclosing argument through line 655; later text treats the resulting claim as an opaque subresult.,measurable set where f is finite.                                □,codex-graduate-course
graduate_course,61,topology_relative_homology_excision,generic,False,0,71,75,2,2,2,high,"The edit is in the definition of an excisive triple in the section “Excision, and the Eilenberg-Steenrod axioms.” It weakens the standard condition $\overline U\subseteq\operatorname{Int}(A)$ to $\overline U\subseteq A$, while leaving the following excision theorem unchanged.",The changed object remains a direct input to the enclosing argument through line 75; later text treats the resulting claim as an opaque subresult.,\end{theorem},codex-graduate-course
graduate_course,62,analysis_differential_operators_wavefront_spectral,generic,False,0,1274,1294,20,20,20,high,"The edit is in Proposition 2.2, equation (2.11), and the immediately following proof sentence. It strengthens the valid conclusion that the extreme numerical-range values m and M belong to the spectrum into the claim that both are eigenvalues.",The changed object remains a direct input to the enclosing argument through line 1294; later text treats the resulting claim as an opaque subresult.,proof of Proposition 2.1.                                             □,codex-graduate-course
graduate_course,63,analysis_measures_integration_hilbert,generic,False,0,748,767,18,18,18,high,"The edit is in the proof of Theorem 4.3 (Monotone Convergence), at the definition of the sets \(E_n\). The original condition \(f_n(x)\ge c g(x)\) was changed to \(f_n(x)\ge c f(x)\).",The changed object remains a direct input to the enclosing argument through line 767; later text treats the resulting claim as an opaque subresult.,They must therefore be equal.                                            □,codex-graduate-course
graduate_course,64,topology_relative_homology_excision,strategies,False,0,16,16,1,1,1,high,"The hypothesis in the five-lemma discussion, in the paragraph immediately after the surjectivity diagram chase, was changed from “$f_4$ is surjective” to “$f_4$ is injective” in the sufficient conditions for injectivity of $f_2$. No downstream edits were needed.",The changed assertion has no later direct consumer before it is packaged; the final changed line is therefore the endpoint.,"A similar dual process says that $f_2$ is injective if $f_1$ is injective, $f_3$ is injective, and $f_4$ is injective. If all of these conditions are satisfied, then $f_2$ is an isomorphism. This is the content of the five-lemma.",codex-graduate-course
graduate_course,65,nt_global_fields_geometry_numbers,strategies,False,0,482,538,44,44,44,medium,"The edit is in Definition 14.8. It replaces the requirement that the translates of a fundamental domain form an actually disjoint cover (equivalently, that the set contain exactly one representative of every coset) by the weaker requirements that they cover and have pairwise disjoint interiors.",The changed object remains a direct input to the enclosing argument through line 538; later text treats the resulting claim as an opaque subresult.,"(S and a fundamental domain for Λ), and is thus independent of the choice of µ.",codex-graduate-course
graduate_course,66,nt_ideal_norms_dedekind_kummer,generic,False,0,715,726,8,8,8,high,"The edit is in the proof of Proposition 6.32, at the localization argument for the prime `p`. The original chooses `s ∈ (c ∩ A) − p`; the mutated proof instead chooses only `s ∈ c′ − q`, where `c′` is the conductor in `B`.",The changed object remains a direct input to the enclosing argument through line 726; later text treats the resulting claim as an opaque subresult.,fq′ := [O/q′ : A/p]. We therefore have fq′ = fq and [B/q : A/p] = [O/q ′ : A/p] as claimed.,codex-graduate-course
graduate_course,67,nt_global_fields_geometry_numbers,generic,False,0,454,505,47,47,47,high,"The edit is in Remark 14.6, in the definition of the parallelepiped \(F(v_1,\ldots,v_n)\): the half-open coefficient interval \([0,1)\) was replaced by the closed interval \([0,1]\).",The changed object remains a direct input to the enclosing argument through line 505; later text treats the resulting claim as an opaque subresult.,the normalization of the Haar measure and is therefore preserved by isomorphisms of locally,codex-graduate-course
graduate_course,68,nt_ideal_norms_dedekind_kummer,strategies,False,0,236,245,9,9,9,high,"The edit is in Corollary 6.9, where the generating family for the norm ideal was reduced from the norms of all elements of `I` to the norms of an arbitrary finite `A`-module generating set of `I`. No dependent edits were made: the proof still calls the displayed right-hand side `J`, so it now purports to establish this stronger assertion.",The changed object remains a direct input to the enclosing argument through line 245; later text treats the resulting claim as an opaque subresult.,NB/A (I) =           NBp /Ap (Ip ) =       Jp = J.,codex-graduate-course
graduate_course,69,geometry_fredholm_smale_transversality,generic,False,0,823,1041,148,148,148,high,"The edit changes the dimensional hypothesis at the start of the proof of Theorem 19.1 from even `n > 2` to even `n ≥ 2`, and makes the corresponding dependent change in Proposition 19.4. This makes the displayed Whitney-trick argument claim to handle surfaces (`n=2`) in `R^4`.",The changed object remains a direct input to the enclosing argument through line 1041; later text treats the resulting claim as an opaque subresult.,,codex-graduate-course
graduate_course,70,topology_homological_algebra_kunneth,generic,True,3,529,551,15,15,15,high,"The edit is in the paragraph immediately following the proposition that the cohomology cross product is an algebra homomorphism. The Koszul exponent in the multiplication on a tensor product of graded algebras was changed from $|a'|\,|b|$ to $|a|\,|b'|$.",The changed object remains a direct input to the enclosing argument through line 551; later text treats the resulting claim as an opaque subresult.,\end{proof},codex-graduate-course
graduate_course,71,analysis_differential_operators_wavefront_spectral,strategies,False,0,933,941,9,9,9,high,The edit is in the hypothesis of Lemma 7.10: the required exclusion of the antipodal direction `-ω` from `Css(v)` was changed to exclusion of the same direction `ω`.,The changed object remains a direct input to the enclosing argument through line 941; later text treats the resulting claim as an opaque subresult.,Problem 78.                                                        □,codex-graduate-course
graduate_course,72,analysis_convergence_lp,strategies,True,2,698,704,7,7,7,high,"The edit is in the proof of Theorem 0.4, the dominated convergence theorem for convergence in measure. The opening instruction was changed from “Take any subsequence” to “Take a subsequence.” No downstream text was changed.",The changed object remains a direct input to the enclosing argument through line 704; later text treats the resulting claim as an opaque subresult.,□,codex-graduate-course
graduate_course,73,topology_relative_homology_excision,strategies,False,0,240,249,7,7,7,high,"The Mayer--Vietoris chain map from $S_\ast(A)\oplus S_\ast(B)$ to $S_\ast(A)+S_\ast(B)$ was changed from $(i_{1\ast},i_{2\ast})$ to $(i_{1\ast},-i_{2\ast})$, and the corresponding map in the displayed homology sequence was changed to match. This occurs in the Mayer--Vietoris example, in the short exact sequence diagram and the long exact sequence immediately following it.",The changed object remains a direct input to the enclosing argument through line 249; later text treats the resulting claim as an opaque subresult.,"Voila, you have Mayer-Vietoris. (I have a different proof of this that I submitted in homework.)",codex-graduate-course
graduate_course,74,nt_local_fields_hensel_complete_dvrs,generic,False,0,289,294,5,5,5,high,The edit is in the statement of Lemma 9.16 (Hensel's Lemma II). It replaces uniqueness in the Newton ball,The changed object remains a direct input to the enclosing argument through line 294; later text treats the resulting claim as an opaque subresult.,"Moreover, |f (an )| ≤ ϵ2 |f ′ (a0 )|2 for all n ≥ 0.",codex-graduate-course
graduate_course,76,analysis_convergence_lp,generic,False,0,1041,1052,11,11,11,high,"The edit is in the proof of the Riesz–Fischer theorem, in the `p = ∞` case. The set",The changed object remains a direct input to the enclosing argument through line 1052; later text treats the resulting claim as an opaque subresult.,"f = 0 on N , we have ‖f ‖∞ < ∞ and ‖fn − f ‖∞ → 0 as n → ∞.           □",codex-graduate-course
graduate_course,77,geometry_fredholm_smale_transversality,strategies,False,0,489,504,10,10,10,high,"The edit is in Theorem 16.26 and the converse paragraph of its proof. It removes the requirement that both parametrix errors be compact, retaining only `RT-I`, and changes the dependent cokernel sentence accordingly.",The changed assertion has no later direct consumer before it is packaged; the final changed line is therefore the endpoint.,"finite dimensional, and the operator is Fredholm.",codex-graduate-course
graduate_course,78,topology_relative_homology_excision,generic,False,0,16,16,1,1,1,high,The edit is in the final paragraph of the 5-lemma section. It changes the hypothesis used for injectivity of $f_2$ from surjectivity of $f_4$ to injectivity of $f_4$.,The changed assertion has no later direct consumer before it is packaged; the final changed line is therefore the endpoint.,"A similar dual process says that $f_2$ is injective if $f_1$ is injective, $f_3$ is injective, and $f_4$ is injective. If all of these conditions are satisfied, then $f_2$ is an isomorphism. This is the content of the five-lemma.",codex-graduate-course
graduate_course,79,geometry_fredholm_smale_transversality,generic,False,0,823,1041,148,148,148,high,"The edit weakens the dimensional hypothesis at the start of Theorem 19.1's proof and in Proposition 19.4 from even `n > 2` to even `n ≥ 2`, so the displayed Whitney-disk argument now purports to cover `n=2`.",The changed object remains a direct input to the enclosing argument through line 1041; later text treats the resulting claim as an opaque subresult.,,codex-graduate-course
graduate_course,80,nt_local_fields_hensel_complete_dvrs,strategies,False,0,291,293,3,3,3,high,"The edit is in Lemma 9.16, in the sentence specifying the ball around the initial approximation that contains the limiting root. The inequality \(|a-a_0|\leq \epsilon\) was changed to \(|a-a_0|<\epsilon\), with no other changes.",The changed object remains a direct input to the enclosing argument through line 293; later text treats the resulting claim as an opaque subresult.,"Moreover, |f (an )| ≤ ϵ2 |f ′ (a0 )|2 for all n ≥ 0.",codex-graduate-course
graduate_course,81,analysis_convergence_lp,generic,False,0,1041,1052,11,11,11,high,"The edit is in the proof of Theorem 0.5, in the case p = infinity. The original proof removed the null exceptional set B_{m,n} for every pair of indices. The mutated proof removes only B_n for consecutive pairs and nevertheless asserts that, off their union, (f_n(x)) is Cauchy.",The changed object remains a direct input to the enclosing argument through line 1052; later text treats the resulting claim as an opaque subresult.,"f = 0 on N , we have ‖f ‖∞ < ∞ and ‖fn − f ‖∞ → 0 as n → ∞.           □",codex-graduate-course
graduate_course,82,topology_homological_algebra_kunneth,generic,False,0,196,205,5,5,5,high,"The edit is in the hypotheses of the general chain-complex Künneth theorem, immediately before its displayed short exact sequence. It replaces the requirement that every chain module $C_n$ be free by the requirement that every homology module $H_n(C_\bullet)$ be free.",The changed object remains a direct input to the enclosing argument through line 205; later text treats the resulting claim as an opaque subresult.,\end{proof},codex-graduate-course
graduate_course,83,nt_ideal_norms_dedekind_kummer,generic,False,0,715,726,8,8,8,high,"The edit is in the proof of Proposition 6.32, at the localization argument for the prime \(p\). The original choice \(s\in(c\cap A)-p\) was replaced by \(s\in c-q\).",The changed object remains a direct input to the enclosing argument through line 726; later text treats the resulting claim as an opaque subresult.,fq′ := [O/q′ : A/p]. We therefore have fq′ = fq and [B/q : A/p] = [O/q ′ : A/p] as claimed.,codex-graduate-course
graduate_course,84,analysis_differential_operators_wavefront_spectral,generic,False,0,1126,1138,13,13,13,high,"The edit is in Corollary 7.17, equations (7.47)--(7.49). It removes the reflection in the base variable from the Fourier-transform law for the scattering wavefront set, replacing `(p,q) -> (q,-p)` by `(p,q) -> (q,p)`. The corresponding occurrence of the reflected distribution `uˇ1` in (7.49) and the two later minus signs were changed so the short argument remains internally consistent. The later invocation of (7.47) in the proof of Theorem 7.18 is left unchanged and consequently inherits this error.",The changed object remains a direct input to the enclosing argument through line 1138; later text treats the resulting claim as an opaque subresult.,/ Css(vb2 ) which proves (7.47).                       □,codex-graduate-course
graduate_course,85,nt_dedekind_domains_etale_algebras,strategies,False,0,124,130,6,6,6,high,The edit is in the statement of Lemma 3.9: “ideal of A” was broadened to “nonzero fractional ideal of A.” No downstream edits were made.,The changed object remains a direct input to the enclosing argument through line 130; later text treats the resulting claim as an opaque subresult.,"hence maximal (since dim A ≤ 1), so neither contains the other and vq (p) = vp (q) = 0.",codex-graduate-course
graduate_course,86,topology_relative_homology_excision,generic,False,0,228,249,14,14,14,high,The cover hypothesis in the Mayer--Vietoris/locality theorem was changed from,The changed object remains a direct input to the enclosing argument through line 249; later text treats the resulting claim as an opaque subresult.,"Voila, you have Mayer-Vietoris. (I have a different proof of this that I submitted in homework.)",codex-graduate-course
graduate_course,87,topology_homological_algebra_kunneth,strategies,False,0,529,551,15,15,15,high,"The edit is in the proposition asserting that the cohomology cross product is an algebra homomorphism, around lines 529--548. It changes the Koszul sign in the multiplication on $A\otimes B$ from $(-1)^{|a'|\,|b|}$ to $(-1)^{|a|\,|b'|}$, and makes the corresponding dependent sign changes in the displayed proof (from $|\alpha_2||\beta_1|$ to $|\alpha_1||\beta_2|$).",The changed object remains a direct input to the enclosing argument through line 551; later text treats the resulting claim as an opaque subresult.,\end{proof},codex-graduate-course
graduate_course,88,geometry_fredholm_smale_transversality,generic,False,0,823,1041,148,148,148,high,The proof of Theorem 19.1 and the corresponding sentence in Proposition 19.4 were changed from the range `n > 2` to `n ≥ 2`. This makes the proof claim that the stated Whitney-disk general-position argument also handles surfaces in four-dimensional ambient space.,The changed object remains a direct input to the enclosing argument through line 1041; later text treats the resulting claim as an opaque subresult.,,codex-graduate-course
graduate_course,89,analysis_differential_operators_wavefront_spectral,strategies,False,0,1297,1325,27,27,27,high,The edit is in Proposition 2.3 near (2.14): “real polynomial” was changed to “complex polynomial.” No downstream text was changed.,The changed object remains a direct input to the enclosing argument through line 1325; later text treats the resulting claim as an opaque subresult.,is (2.15).                                                         □,codex-graduate-course
graduate_course,90,nt_dedekind_domains_etale_algebras,generic,False,0,861,868,7,7,7,high,"The edit is in Example 4.44, in the displayed coordinate decomposition of $(\alpha,\beta)\in\mathbb C\times\mathbb C$ relative to the basis $(1,1),(i,-i)$ and in the immediately following inverse-image formula. The coefficient of $(i,-i)$ was changed from $(\alpha-\beta)/(2i)$ to $(\beta-\alpha)/(2i)$ in both places.",The changed object remains a direct input to the enclosing argument through line 868; later text treats the resulting claim as an opaque subresult.,2             2i                2       2i,codex-graduate-course
graduate_course,91,topology_homological_algebra_kunneth,generic,True,2,529,551,15,15,15,high,"The edit is in the paragraph immediately following the proposition that the cohomology cross product is an algebra homomorphism. In the multiplication law for the tensor product of graded algebras, I changed the Koszul sign exponent from $|a'|\,|b|$ to $|a|\,|b'|$.",The changed object remains a direct input to the enclosing argument through line 551; later text treats the resulting claim as an opaque subresult.,\end{proof},codex-graduate-course
graduate_course,92,nt_dedekind_domains_etale_algebras,generic,False,0,299,301,3,3,3,high,"The edit is in the proof of Theorem 3.22. Lemma 3.16 is now applied with the auxiliary coprimality condition that `J` be coprime to `I`, rather than to `I'`, where `II'=(a)`.",The changed object remains a direct input to the enclosing argument through line 301; later text treats the resulting claim as an opaque subresult.,"that I = (a, b).",codex-graduate-course
graduate_course,93,nt_local_fields_hensel_complete_dvrs,strategies,True,3,561,580,17,17,17,high,"In the proof of Theorem 10.12, the fallback perturbation of the residue-field lift was changed from \(\alpha_0+\pi_0\) to \(\alpha_0+\pi_0^2\), with the displayed Taylor expansion changed dependently. The proof still asserts that \(g(\alpha)\) has valuation one and is a uniformizer. This no longer follows: the separability of \(\bar g\) makes \(g'(\alpha_0)\) a unit, but the new linear Taylor term \(\pi_0^2g'(\alpha_0)\) has valuation two, not one.",The changed object remains a direct input to the enclosing argument through line 580; later text treats the resulting claim as an opaque subresult.,"of 1, . . . , αn−1 . Thus B = A[α].",codex-graduate-course
graduate_course,94,analysis_differential_operators_wavefront_spectral,generic,False,0,149,200,48,48,48,high,"The compact-support hypothesis on `supp(ϕ)` in Theorem 6.6 was removed, and the opening of its support argument was adjusted to invoke only closedness of the two supports. The edited locations are the statement immediately before the displayed support inclusion and the first sentence of the final paragraph of its proof.",The changed object remains a direct input to the enclosing argument through line 200; later text treats the resulting claim as an opaque subresult.,follows.,codex-graduate-course
graduate_course,95,analysis_measures_integration_hilbert,generic,True,1,746,767,20,20,20,high,"The edit is in the proof of Theorem 4.3, around equation (4.7). The fixed constant `c<1` and the sets `{f_n >= c g}` were replaced by constants `c_n=n/(n+1)` and tail sets `E_n={x: f_k(x) >= c_k g(x) for every k>=n}`. The proof then asserts that these sets exhaust `E`.",The changed object remains a direct input to the enclosing argument through line 767; later text treats the resulting claim as an opaque subresult.,They must therefore be equal.                                            □,codex-graduate-course
graduate_course,96,geometry_fredholm_smale_transversality,strategies,False,0,356,369,10,10,10,high,"The edit is in the proof of Lemma 16.19, in the block elimination formulas immediately after equation (7). The lower-left entry of the left multiplier $H$, the resulting lower-right block, and the definition of $A$ were changed from the Schur-complement sign",The changed assertion has no later direct consumer before it is packaged; the final changed line is therefore the endpoint.,The lemma follows immediately from this taking A = c(T + a)−1b + d.,codex-graduate-course
graduate_course,97,analysis_convergence_lp,strategies,False,0,1041,1052,11,11,11,high,"The edit is in the p = ∞ part of the proof of the Riesz--Fischer theorem, in the definition of B_m,n. The strict inequality",The changed object remains a direct input to the enclosing argument through line 1052; later text treats the resulting claim as an opaque subresult.,"f = 0 on N , we have ‖f ‖∞ < ∞ and ‖fn − f ‖∞ → 0 as n → ∞.           □",codex-graduate-course
graduate_course,98,nt_global_fields_geometry_numbers,strategies,False,0,860,885,21,21,21,high,"The edit is in Case 1 of the proof of Theorem 14.28, in the definition of the symmetric convex set \(S\): the conditions \(|x_i|<1\) for \(i>1\) were changed to \(|x_i|\leq 1\).",The changed object remains a direct input to the enclosing argument through line 885; later text treats the resulting claim as an opaque subresult.,fields K of degree n.,codex-graduate-course
graduate_course,99,nt_global_fields_geometry_numbers,generic,False,0,454,505,47,47,47,high,"The edit is in Remark 14.6, at the definition of the parallelepiped \(F(v_1,\ldots,v_n)\): the half-open coefficient interval \([0,1)\) was replaced by the closed interval \([0,1]\).",The changed object remains a direct input to the enclosing argument through line 505; later text treats the resulting claim as an opaque subresult.,the normalization of the Haar measure and is therefore preserved by isomorphisms of locally,codex-graduate-course
graduate_course,100,analysis_convergence_lp,generic,False,0,1043,1052,9,9,9,high,"The edit is in the proof of the p = ∞ case of the Riesz–Fischer theorem, at the definition of the common exceptional null set N. The original union over every pair B_{m,n} was replaced by a union over only adjacent pairs B_{n,n+1}.",The changed object remains a direct input to the enclosing argument through line 1052; later text treats the resulting claim as an opaque subresult.,"f = 0 on N , we have ‖f ‖∞ < ∞ and ‖fn − f ‖∞ → 0 as n → ∞.           □",codex-graduate-course
recent_math,1,arxiv_2405_19197,generic,False,0,631,744,77,77,77,high,"The reduction factor d for the surgery slope rw^2, changed from gcd(q,w^2) to gcd(q,w).","The changed d is used throughout the three-case construction of rho_V. Its final direct use is in the Case 3 filling-relation computation on line 743, whose conclusion that rho_V is the desired extension is drawn on line 744; the later sentence merely packages the completed cases into the lemma conclusion.","so rho_V is the desired extension of rho', and it has nonabelian image since rho' does.",codex-agent-recent-01-10
recent_math,2,arxiv_2405_19197,generic,True,1,571,571,1,1,1,high,"The asserted upper bound on the number of slopes t satisfying both distance-one conditions, changed from at most two to at most one.","The altered bound and its only direct consequence, finiteness of the PSL(2,C)-abelian slopes in this case, occur on the same physical line. The following paragraph begins a separate remaining-case argument.","There are only finitely many of the former, and at most one of the latter, so again K has finitely many PSL(2,C)-abelian slopes.",codex-agent-recent-01-10
recent_math,3,arxiv_2405_19197,generic,False,0,631,744,77,77,77,high,"The reduction factor d for the surgery slope rw^2, changed from gcd(q,w^2) to gcd(q,w).","The changed d is used throughout the three-case construction of rho_V. Its final direct use is in the Case 3 filling-relation computation on line 743, whose conclusion that rho_V is the desired extension is drawn on line 744; the later sentence merely packages the completed cases into the lemma conclusion.","so rho_V is the desired extension of rho', and it has nonabelian image since rho' does.",codex-agent-recent-01-10
recent_math,4,arxiv_2405_19197,generic,False,0,679,697,14,14,14,high,"The restricted choice of the w-th root eta and its associated congruence, replacing 2 pi k and m+pk modulo d by 2 pi kw and m+pkw modulo d.",The altered root and congruence feed the definition of rho_V and the calculation of z. Line 697 directly invokes the mutated congruence to conclude z=1 and packages the result as the desired Case 1 representation; Case 2 then starts independently.,"But we chose k so that (m+pkw)/d would be an integer, so z=1 and thus rho_V(...) = 1, meaning that rho_V is the desired representation.",codex-agent-recent-01-10
recent_math,5,arxiv_2405_19197,generic,False,0,631,744,77,77,77,high,"The reduction factor d for the surgery slope rw^2, changed from gcd(q,w^2) to gcd(q,w).","The changed d is used throughout the three-case construction of rho_V. Its final direct use is in the Case 3 filling-relation computation on line 743, whose conclusion that rho_V is the desired extension is drawn on line 744; the later sentence merely packages the completed cases into the lemma conclusion.","so rho_V is the desired extension of rho', and it has nonabelian image since rho' does.",codex-agent-recent-01-10
recent_math,6,arxiv_2405_19197,strategies,False,0,681,697,12,12,12,high,"The modulus in the congruence used to choose k, weakened from d to q/d, together with the corresponding divisibility claim at the end of Case 1.","The mutated congruence determines k and is consumed in the z calculation. The final changed sentence on line 697 invokes it to assert that (m+pk)w/d is integral, concludes z=1, and packages the Case 1 representation; Case 2 is independent.","But we chose k so that (m+pk)w/d would be an integer, so z=1 and thus rho_V(...) = 1, meaning that rho_V is the desired representation.",codex-agent-recent-01-10
recent_math,7,arxiv_2405_19197,strategies,True,2,571,571,1,1,1,high,"The asserted upper bound on the number of slopes t satisfying both distance-one conditions, changed from at most two to at most one.","The altered bound and its only direct consequence, finiteness of the PSL(2,C)-abelian slopes in this case, occur on the same physical line. The following paragraph begins a separate remaining-case argument.","There are only finitely many of the former, and at most one of the latter, so again K has finitely many PSL(2,C)-abelian slopes.",codex-agent-recent-01-10
recent_math,8,arxiv_2405_19197,strategies,False,0,350,378,18,18,18,high,"The remainder estimate in Lemma lem:torus-poly-leading, strengthened from O(t^(g-p)) to O(t^(g-p-1)) in both the statement and the proof's concluding line.","This is a two-hunk edit: the first changed line states the strengthened lemma and the last changed line is the proof's degree-comparison conclusion establishing that same estimate. The lemma ends immediately afterward, so no later direct use inside the argument extends the chain.",Delta_T(t) - sum(...) = O(t^(g-p-1)).,codex-agent-recent-01-10
recent_math,9,arxiv_2405_19197,strategies,True,1,571,571,1,1,1,high,"The asserted upper bound on the number of slopes t satisfying both distance-one conditions, changed from at most two to at most one.","The altered bound and its only direct consequence, finiteness of the PSL(2,C)-abelian slopes in this case, occur on the same physical line. The following paragraph begins a separate remaining-case argument.","There are only finitely many of the former, and at most one of the latter, so again K has finitely many PSL(2,C)-abelian slopes.",codex-agent-recent-01-10
recent_math,10,arxiv_2405_19197,strategies,False,0,631,744,77,77,77,high,"The reduction factor d for the surgery slope rw^2, changed from gcd(q,w^2) to gcd(q,w).","The changed d is used throughout the three-case construction of rho_V. Its final direct use is in the Case 3 filling-relation computation on line 743, whose conclusion that rho_V is the desired extension is drawn on line 744; the later sentence merely packages the completed cases into the lemma conclusion.","so rho_V is the desired extension of rho', and it has nonabelian image since rho' does.",codex-agent-recent-01-10
recent_math,11,arxiv_2406_16806,generic,False,0,300,300,1,1,1,high,"The assertion that an arbitrary representation decomposes as a countable sequence of cyclic summands, together with countable indexing of the associated sums and product.","All countability assertions and countably indexed constructions occur on the changed physical line. The next paragraph uses each cyclic summand's separability and the componentwise reduction, not the changed claim that the family of summands is countable.","Consequently, there are unital completely positive maps $\psi_i:A\to \pi_i(A)''$ such that $\psi=\bigoplus_{i=1}^\infty \psi_i$.",codex_recent_11_20
recent_math,12,arxiv_2406_16806,generic,False,0,265,280,9,9,9,high,"The auxiliary algebra $B$, changed from $\mathrm{C}^*(\pi(A),b)$ to $\mathrm{C}^*(\pi(A),b^2)$.","The changed algebra invalidates the asserted surjection onto $D$ and hence the inverse $\lambda$. The remainder of the proof directly uses that inverse to verify all three splitting properties, with the final direct use in the proof of property (s3).","Hence, $\widehat\omega\circ\lambda|_{\pi(A)}$ is pure, and property (s3) holds.",codex_recent_11_20
recent_math,13,arxiv_2406_16806,generic,False,0,300,300,1,1,1,high,The strengthened equality $\pi(A)''=\prod_i\pi_i(A)''$ in place of the valid inclusion.,"The false equality is stated on the changed line. The coordinate maps constructed immediately afterward require only the original inclusion, so no later physical line directly consumes the strengthened equality.",It is readily verified that $\pi(A)''= \prod_i \pi_i(A)''$.,codex_recent_11_20
recent_math,14,arxiv_2406_16806,generic,False,0,265,274,6,6,6,high,The arbitrary increasing net $(f_i)$ and the resulting unsupported assertion that its weak-* limit $e$ belongs to the enveloping Borel algebra.,"The invalid Borel-membership inference is directly consumed when the proof places $\lambda(t)$ in $B(1-e)\subset\operatorname{Bor}(\pi(A))$ and concludes property (s1). Later uses of $e$ rely on its centrality and support properties, not on closure of the Borel algebra under the changed net.","First, we have $\lambda(t)\in B(1-e)\subset \Bor(\pi(A))$ since $e\in \Bor(\pi(A))$. Hence, property (s1) holds.",codex_recent_11_20
recent_math,15,arxiv_2406_16806,generic,False,0,536,573,19,19,19,high,"The claim that one norm-convergent subnet suffices to prove convergence of the original net, and the resulting existentially selected subnet.","Every subsequent construction is carried out only along the selected subnet. The dependency ends when convergence of its further subnet is declared to establish the desired convergence of the original net. The edit replaces two substantive source lines with one, so the mutated proof's endpoint is line 573 and the inclusive span, excluding purely structural display markup, is 19.",as desired.,codex_recent_11_20
recent_math,16,arxiv_2406_16806,strategies,False,0,214,234,13,13,13,high,"The state $\tau$ on $\pi(A)''$, changed from weak-* continuous to pure while retaining the asserted bidual-extension identity.","The unjustified identity $\tau\circ\widehat j=\widehat\sigma$ supplies the negative value propagated through $s$, $F$, the pure state $\omega$, and the extension $\theta$. The final inference to an irreducible representation lacking unique extension directly consumes that negative inequality.","Invoking \cite[Lemma 3.1]{clouatre2018unperforated}, we may find an irreducible $*$-representation of $A$ that does not have the unique extension property with respect to $S$.",codex_recent_11_20
recent_math,17,arxiv_2406_16806,strategies,False,0,505,513,5,5,5,high,"The selected directed-set index $\gamma=(\lambda,\{a\},\varepsilon_0)$ and the false assertion that it lies above $\gamma_0$.","The false cofinality assertion is used to obtain the displayed estimate for every $\lambda\geq\lambda_0$, which is then packaged as convergence of the original net at the end of the proof.",as desired.,codex_recent_11_20
recent_math,18,arxiv_2406_16806,strategies,False,0,224,234,8,8,8,high,The level set $L=\{\phi:F(\phi)=F(\sigma)\}$ and the unsupported pure state $\omega$ selected from it.,"The asserted equality $F(\omega)=F(\sigma)$ provides the negative bound for $(\widehat\omega\circ\lambda)(t)$, which is passed to the extending state $\theta$ and then used in the final contradiction via the irreducible representation.","Invoking \cite[Lemma 3.1]{clouatre2018unperforated}, we may find an irreducible $*$-representation of $A$ that does not have the unique extension property with respect to $S$.",codex_recent_11_20
recent_math,19,arxiv_2406_16806,strategies,False,0,300,300,1,1,1,high,The strengthened equality $\pi(A)''=\prod_i\pi_i(A)''$ in place of the valid inclusion.,"The false equality is stated on the changed line. The following coordinate-map construction uses only the original inclusion, so the strengthened assertion has no direct use on a later physical line.",It is readily verified that $\pi(A)''= \prod_i \pi_i(A)''$.,codex_recent_11_20
recent_math,20,arxiv_2406_16806,strategies,False,0,329,392,33,33,33,high,"The arbitrary faithful representation $\Upsilon_\pi$ substituted for the universal representation, together with the claim that its normal bidual extension is isometric.","The proof uses the allegedly isometric extension and its inverse in each nontrivial implication. The final nuclear-case argument again applies the extension to identify the weak-* limit and conclude the unique tight extension property, so the dependency continues to the proof's last substantive line.","We conclude that $\Upsilon_\pi\circ \pi$ has the unique tight extension property, and the proof is complete.",codex_recent_11_20
recent_math,21,arxiv_2501_05622,generic,False,0,792,802,9,9,9,high,The lower bound on the pairwise-product sum for positive d_i with sum d-3 was strengthened from d-4 to d-3.,"The altered bound is consumed by the claim that only the d_E=1, k=1 summand exceeds the degree threshold. That analysis continues through line 802, where the proposition's main degree inequality is recovered; the result is then closed as a packaged proposition.",Now inequality \eqref{eqn:mainineq1} follows from the above analysis.,codex_recent_21_30
recent_math,22,arxiv_2501_05622,generic,True,2,1294,1304,7,7,7,high,"The admissible integer values of chi' for chi=1 and d'=1 were shifted from {0,-1,-2} to {-1,-2,-3}, with matching shifted summation bounds.",The shifted index set is used in the degree-generating sum and remains directly referenced as the 'possibilities discussed above' in the Lim--Pi--Moreira proposition. Line 1304 is the last line spelling out how those possibilities index the asserted independent relations; the proposition then closes.,"are linearly independent, where $\chi', k, i$ run through the possibilities discussed above",codex_recent_21_30
recent_math,23,arxiv_2501_05622,generic,True,3,1233,1239,7,7,7,high,The y^64 and palindromically paired y^8 coefficients in the displayed degree-10 polynomial were changed from 173 to 174.,The two coefficient edits are components of one multi-line numerical mutation. The second and last changed component occurs on line 1239; the table does not subsequently derive another claim from either coefficient.,+2996 y^{14}+1928 y^{13}+1247 y^{12}+771 y^{11}+483 y^{10}+285 y^9+174 y^8,codex_recent_21_30
recent_math,24,arxiv_2501_05622,generic,True,3,1294,1304,7,7,7,high,"The admissible integer values of chi' for chi=1 and d'=1 were shifted from {0,-1,-2} to {-1,-2,-3}, with matching shifted summation bounds.",The shifted index set is used in the degree-generating sum and remains directly referenced as the 'possibilities discussed above' in the Lim--Pi--Moreira proposition. Line 1304 is the last line spelling out how those possibilities index the asserted independent relations; the proposition then closes.,"are linearly independent, where $\chi', k, i$ run through the possibilities discussed above",codex_recent_21_30
recent_math,25,arxiv_2501_05622,generic,True,1,1277,1285,8,8,8,high,"The upper slope inequality was weakened from strict to non-strict, admitting its equality boundary.","The altered hypothesis is consumed by the Hom/Ext vanishing, the rank-dd' vector-bundle construction, and the resulting generalized Mumford relations. Line 1285 completes the directly derived degree statement for those relations; the following paragraph starts a separate discussion.",with equality when $A$ is the unit class and $k=dd'+1$.,codex_recent_21_30
recent_math,26,arxiv_2501_05622,strategies,True,2,78,1312,624,624,624,high,"The support/accuracy bound of Proposition prop:degbd2 and the resulting leading-Betti range were strengthened by one degree, with dependent edits to summaries, theorem statements, proof truncations, error terms, and the appendix corollary.","This is a multi-hunk edit beginning in the abstract. Its final changed component is the enlarged j-range in the appendix corollary at line 1310, and lines 1311-1312 complete the corollary's directly dependent assertion about the ideal of relations. The corollary then closes as an opaque subresult.",is (freely) generated by the generalized Mumford relations with $d'=1$.,codex_recent_21_30
recent_math,27,arxiv_2501_05622,strategies,True,1,1277,1285,8,8,8,high,"The upper slope inequality was weakened from strict to non-strict, admitting its equality boundary.","The altered hypothesis is consumed by the Hom/Ext vanishing, the rank-dd' vector-bundle construction, and the resulting generalized Mumford relations. Line 1285 completes the directly derived degree statement for those relations; the following paragraph starts a separate discussion.",with equality when $A$ is the unit class and $k=dd'+1$.,codex_recent_21_30
recent_math,28,arxiv_2501_05622,strategies,True,3,326,553,122,122,122,high,"At a type-1 leaf, equality of the incident edge class and vertex class was weakened to equality only after intersection with E.","The weakened labeling condition is reopened in the proof of Lemma lem:key at line 548 to cancel the edge factor against the local invariant. That inference yields the final claim Cont_T in Q[y,y^{-1}] at line 553, after which the lemma is packaged and closed.","\Cont_{T}\in\Q[y,y^{-1}].",codex_recent_21_30
recent_math,29,arxiv_2501_05622,strategies,True,3,851,851,1,1,1,high,The order-of-vanishing assertion in Theorem thm:gvbd was strengthened from membership in y^(d-1) Z[[y]] to membership in y^d Z[[y]].,"The mutation is a self-contained theorem assertion on a single line. Later text cites Theorem thm:gvbd as an opaque result without reopening this strengthened order, so the direct influence stops on the changed line.",(-1)^{d-1} y^{g(d)}\cdot \mathcal F_d-\mathcal Z_d \in y^d\cdot\mathbb Z[[y]],codex_recent_21_30
recent_math,30,arxiv_2501_05622,strategies,True,1,1277,1285,8,8,8,high,"The upper slope inequality was weakened from strict to non-strict, admitting its equality boundary.","The altered hypothesis is consumed by the Hom/Ext vanishing, the rank-dd' vector-bundle construction, and the resulting generalized Mumford relations. Line 1285 completes the directly derived degree statement for those relations; the following paragraph starts a separate discussion.",with equality when $A$ is the unit class and $k=dd'+1$.,codex_recent_21_30
recent_math,31,arxiv_2505_05324,generic,True,3,690,703,11,11,11,high,"The normalized representative of the cohomology class c is changed from the alternating edge-cochain sum divided by 3 to the same sum divided by 2, with its image under the canonical map changed dependently from 2w to 3w.","Line 703 is the final direct use of the altered normalization: it states the propagated image of c in the reduced Orlik--Terao algebra. The example ends immediately afterward, so there is no later reopening of the representative.",that sends $c$ to $3w$.,codex-agent-recent-31-40
recent_math,32,arxiv_2505_05324,generic,True,1,703,703,1,1,1,high,The image of the class c under the displayed canonical map is changed from 2w to w.,The changed sentence is the last line of the worked example and the claimed image is not consumed by any later inference.,that sends $c$ to $w$.,codex-agent-recent-31-40
recent_math,33,arxiv_2505_05324,generic,True,1,775,776,2,2,2,high,"The degree test for sections is weakened from every affine translate of L^F to only the distinguished line L^F, together with the assertion that translation cannot change restriction degree.","Line 776 directly consumes the mutated degree criterion by identifying it with the inverse system C_{A,k}; that identification is the concluding packaged result of the proof.","This is equal to $C_{\cA,k}$ by \cite[Proposition 2.6]{ArPo} and \cite[Lemma 1]{ArPo-correction}.",codex-agent-recent-31-40
recent_math,34,arxiv_2505_05324,generic,False,0,323,333,8,8,8,high,"The equivariance group in Corollary graph is enlarged from Aut(Gamma) to Aut(A_Gamma), and finite-group self-duality is replaced by the false claim that finite-dimensional representations of reductive groups are self-dual.","The changed group is used throughout the corollary's proof, culminating at line 333 in the self-duality assertion that is supposed to turn the preceding equivariant duality into the claimed isomorphism. The proof then closes.",representations of reductive groups over $\Q$ are (noncanonically) self-dual.,codex-agent-recent-31-40
recent_math,35,arxiv_2505_05324,generic,False,0,773,776,4,4,4,high,"The generic-affine-translate degree used to compute the boundary valuation is replaced by degree on the special line L^F itself, and the resulting section criterion is changed accordingly.","The altered valuation claim feeds the changed section criterion on lines 774--775, which line 776 then identifies with C_{A,k}; this is the last inference consuming it before the proof ends.","This is equal to $C_{\cA,k}$ by \cite[Proposition 2.6]{ArPo} and \cite[Lemma 1]{ArPo-correction}.",codex-agent-recent-31-40
recent_math,36,arxiv_2505_05324,strategies,False,0,323,333,8,8,8,high,"The corollary is strengthened from Aut(Gamma)-equivariance to Aut(A_Gamma)-equivariance, justified by the false inference that complete reducibility for a finite-by-torus group makes all its representations self-dual.",Line 333 completes the changed self-duality justification that directly consumes the enlarged equivariance group and purports to prove the altered corollary; the proof ends next.,representations of such groups over $\Q$ are (noncanonically) self-dual.,codex-agent-recent-31-40
recent_math,37,arxiv_2505_05324,strategies,True,2,165,179,12,12,12,high,The genericity condition on the translation parameter lambda is weakened from having no lattice points on the translated zonotope's boundary to merely lambda not belonging to the lattice.,"The weakened definition governs the translated lattice-point set introduced on line 170, and line 179 is the last direct use of that set in the claimed orbit-harmonics isomorphism. The remark then moves to the unrelated external case and closes.","$\cR_-(\cA) \cong \cR(\cZ_-(\cA)),\qquad \cR(\cA) \cong \cR(\cZ(\cA,\la)),\and",codex-agent-recent-31-40
recent_math,38,arxiv_2505_05324,strategies,True,3,703,703,1,1,1,high,The image of the degree-one class c under the canonical map is changed from 2w to w.,"The changed sentence closes the worked example, and no subsequent line uses the asserted coefficient.",that sends $c$ to $w$.,codex-agent-recent-31-40
recent_math,39,arxiv_2505_05324,strategies,False,0,773,776,4,4,4,high,"The generic-affine-translate degree in the boundary valuation is replaced by degree on L^F itself under a false translation-invariance claim, with the section criterion changed to match.","The mutation propagates through the section criterion on lines 774--775 and is last directly consumed by the identification with C_{A,k} on line 776, after which the proof ends.","This is equal to $C_{\cA,k}$ by \cite[Proposition 2.6]{ArPo} and \cite[Lemma 1]{ArPo-correction}.",codex-agent-recent-31-40
recent_math,40,arxiv_2505_05324,strategies,True,1,773,776,4,4,4,high,The valuation and section test are changed from degree on generic or arbitrary affine translates of L^F to degree only on the distinguished line L^F.,"Line 776 is the concluding inference that identifies the weakened criterion from lines 773--775 with C_{A,k}; it is the final direct consumer before the proof is packaged and closed.","This is equal to $C_{\cA,k}$ by \cite[Proposition 2.6]{ArPo} and \cite[Lemma 1]{ArPo-correction}.",codex-agent-recent-31-40
recent_math,41,arxiv_2507_21862,generic,True,1,724,741,16,16,16,high,"The ideal sequence used to define the invariant-vector projections, changed from a sequence cofinal among all nonzero ideals to the powers of one fixed proper ideal.","The altered ideals define U_n and V_n and hence p_n, q_n, p, and q. Their falsely claimed coverage of the congruence summands is consumed by the intersection argument, and line 741 directly uses U_n and V_n to produce the finite-dimensional subrepresentation that closes the theorem proof.",The two subgroups $U_n$ and $V_n$ generate a finite-index subgroup of $\Gamma$ ... This is a contradiction to the assumption that the trace $\varphi$ is weakly mixing.,codex-recent-41-50
recent_math,42,arxiv_2507_21862,generic,False,0,643,661,12,12,12,high,"The mixing hypothesis on the restriction of the GNS representation to T, weakened throughout the proposition and following remark to weak mixing.","The weakened hypothesis is invoked at line 655 to claim decay of a finite collection of matrix coefficients and is propagated to the proposition's conclusion. The final edited component is the following remark at line 661, which asserts the corresponding weak-mixing equivalence; later text treats the proposition as a packaged result.",the restriction of the GNS representation $\pi_\varphi$ to the subgroup $T$ is a weakly mixing representation if and only if ...,codex-recent-41-50
recent_math,43,arxiv_2507_21862,generic,False,0,932,943,7,7,7,high,"The central kernel K in the countability lemma, broadened from finite to cyclic.","The new cyclic-kernel hypothesis is consumed by the unchanged claim that a finite quotient is injective on K, which supplies the diagonal embedding into $\Delta\times F$. Line 943 uses that embedding to finish the lemma; subsequent text cites the lemma opaquely.",This property passes to the subgroup $\Gamma$ by Lemma \ref{finitly many reps comensurability}.,codex-recent-41-50
recent_math,44,arxiv_2507_21862,generic,True,3,551,589,20,20,20,high,"The chosen torus element a, weakened from having every nontrivial power avoid all weight kernels to merely having infinite order, together with T=<a>.","The element and its powers drive both orbit assertions in the proposition. In particular, the proof needs the omitted condition to infer $\beta\ne1$ for the stabilizing power $a^n$; the resulting implication is reused in line 589 to establish the infinite-orbit conclusion for part (2), which is the final direct use before the proof is packaged.","this restriction must have an infinite orbit under the dual action of $T$, for otherwise $\varphi$ would be a congruence character ...",codex-recent-41-50
recent_math,45,arxiv_2507_21862,generic,False,0,753,770,14,14,14,high,"The trace on the von Neumann algebra in the projection lemma, weakened from a finite tracial state to a faithful normal semifinite trace.","The proof applies the altered trace to projection differences and relies on its values and normality to pass to a numerical limit. Line 770 then uses faithfulness and nonzero trace to obtain the required finite-stage intersection, completing the lemma's direct dependency chain.",The faithfulness of the trace $\tau$ implies $\tau(p \wedge q) \neq 0$. Therefore there exists some $n$ ...,codex-recent-41-50
recent_math,46,arxiv_2507_21862,strategies,False,0,932,943,7,7,7,high,"The central kernel K in the countability lemma, broadened from finite to finitely generated.","The broadened hypothesis is consumed by the unchanged assertion that residual finiteness supplies a finite quotient injective on K. That assertion gives the diagonal embedding into $\Delta\times F$, and line 943 finishes the lemma from this embedding; later uses cite only the packaged lemma.",This property passes to the subgroup $\Gamma$ by Lemma \ref{finitly many reps comensurability}.,codex-recent-41-50
recent_math,47,arxiv_2507_21862,strategies,True,3,551,589,20,20,20,high,"The chosen torus element a, weakened from requiring every nontrivial power to avoid every weight kernel to requiring only a itself to avoid those kernels, together with T=<a>.","The proof passes from a finite T-orbit to a stabilizing power $a^n$ and then needs the removed condition to conclude that its weight scalar satisfies $\beta\ne1$. This implication is reused in line 589 for part (2)'s infinite-orbit conclusion, the final direct use before the proposition proof ends.","this restriction must have an infinite orbit under the dual action of $T$, for otherwise $\varphi$ would be a congruence character ...",codex-recent-41-50
recent_math,48,arxiv_2507_21862,strategies,True,3,551,589,20,20,20,high,"The chosen torus element a, weakened from requiring every nontrivial power to avoid every weight kernel to requiring only a itself to avoid those kernels, together with T=<a>.","The proof passes from a finite T-orbit to a stabilizing power $a^n$ and then needs the removed condition to conclude that its weight scalar satisfies $\beta\ne1$. This implication is reused in line 589 for part (2)'s infinite-orbit conclusion, the final direct use before the proposition proof ends.","this restriction must have an infinite orbit under the dual action of $T$, for otherwise $\varphi$ would be a congruence character ...",codex-recent-41-50
recent_math,49,arxiv_2507_21862,strategies,False,0,643,657,11,11,11,high,"The mixing hypothesis on the restriction of the GNS representation to T, weakened in the proposition and its proof to weak mixing.","The weakened hypothesis is invoked at line 655 to claim decay of the finitely many relevant matrix coefficients. Lines 656-657 turn that claim into the proposition's uniform-decay conclusion, after which later arguments cite the proposition as an opaque result.","As the constant $\varepsilon$ was arbitrary, the desired result follows.",codex-recent-41-50
recent_math,50,arxiv_2507_21862,strategies,False,0,932,943,7,7,7,high,"The central kernel K in the countability lemma, broadened from finite to finitely generated, plus the replacement of injectivity on K by nontriviality on each nontrivial chosen generator.","The two edited components feed the claimed diagonal embedding into $\Delta\times F$: the proof incorrectly treats detection of chosen generators as injectivity on the broadened K. Line 943 uses that embedding to finish the lemma, after which the lemma is cited only as a packaged result.",This property passes to the subgroup $\Gamma$ by Lemma \ref{finitly many reps comensurability}.,codex-recent-41-50
tcs,1,05_arithmetic_circuit_complexity,generic,False,0,510,552,41,41,41,high,"The admissible dimension hypothesis in Lemma 4.2, weakened from k + delta <= m to k + delta <= m + 1, together with the resulting non-strict projective dimension comparison.","The weakened hypothesis is consumed in the first projective-avoidance step, producing the claimed nonvanishing restricted gradient, and that claim is then consumed by the second projection step through the lemma's conclusion at line 552. Later text invokes Lemma 4.2 as a packaged result.","Its coordinates remain homogeneous of degree d - 1, as required.",codex-tcs-01-10
tcs,2,05_arithmetic_circuit_complexity,strategies,False,0,1765,1772,8,8,8,high,"The inverse reconstruction of A from B = D A D^{-1}, changed to the false identity A = D B D^{-1}.","The next sentences directly use the asserted reconstruction to claim birational equivalence, algebraic independence, and the transcendence-degree upper bound, which is completed at line 1772. The later lower-bound argument treats that upper bound as an established subresult and does not reopen the reconstruction.","That field has transcendence degree (n - 1)^2, giving the corresponding upper bound.",codex-tcs-01-10
tcs,3,01_high_dimensional_sphere_packing,generic,False,0,740,1395,606,606,606,high,"The negative-shell taper b(a), changed from 1 - 2 epsilon (1 + a) to 1 - 2 epsilon a, and its claimed uniform order-epsilon damping margin.","The altered taper is used in the shell definition and Lemma 4.2, then explicitly reopened at line 1381 to justify a uniform decay margin for a contour shift. That direct chain ends when the proof concludes at line 1395 that the shift is permitted and crosses the stated poles; the subsequent residue calculation uses the completed contour-shift result.","This shift crosses exactly the poles t = -i(lambda + 2n), 0 <= n <= N.",codex-tcs-01-10
tcs,4,01_high_dimensional_sphere_packing,strategies,True,3,1457,1472,16,16,16,high,The assertion that rounding p = ceil(log lambda) + 1/2 to log lambda + 1/2 is uniformly a 1 + o(1) relative change in the normalized tail term.,"The relative-asymptotic claim is immediately fed into the Stirling tail estimate, then into the assertion that both tails are negligible and the resulting positivity conclusion (82). Line 1472 closes that proof; the theorem afterward cites (82) as a packaged conclusion.",f_+(r)/f_+(0) = e^{-y}(1 + O_epsilon((log lambda)^2/lambda^{3/4})) > 0.,codex-tcs-01-10
tcs,5,06_quantum_parallel_repetition,strategies,False,0,703,780,64,64,64,high,"The universal rate constant c_qs, doubled from 1/[8(4B_qs)^12] to 1/[4(4B_qs)^12], and its propagated factor-of-two rate calculation.","The changed constant defines gamma, is directly consumed by the false eta budget in (17), and then propagates through the contradiction to the final explicit exponential rate. Its last direct use is the displayed theorem bound ending at line 780.",omega^*(G^{tensor n}) <= exp(- epsilon^13 n / [4(4B_qs)^12(epsilon + log(|A||B|))]).,codex-tcs-01-10
tcs,6,06_quantum_parallel_repetition,generic,True,1,555,1708,930,930,930,high,"The normalization inequality constant, reduced from 4 to 2, together with all propagated 8 eta-to-4 eta and 32 eta-to-16 eta state-alignment and rounding bounds.","This is a multi-hunk edit whose first changed component is the early 4 eta lemma statement. The smaller constant propagates through the main rounding theorem, is derived from the changed normalization inequality in Section 4.4, and is reused throughout Appendix A.8. The chain ends at line 1708, where the final changed bounds and the adjusted constant in (11) are used to prove the packaged rounding guarantee (12).",Using the constants in (11) proves (12) with exactly the stated universal constant B_qs.,codex-tcs-01-10
tcs,8,02_binary_and_spherical_codes,strategies,True,3,3056,3109,51,20,51,medium,"The upper-hemisphere scale L_s, changed from sqrt(2/(1-s)) to 2/(1-s).","The altered scale directly controls the cutoff, spherical embedding, sign calculation, and Cohn-Elkies bound through line 3075. The notation is then instantiated again as L_T in the limiting-threshold calculation ending at line 3109. I count that explicit scale reuse as part of the direct chain; a narrower reading could stop when the first construction records L_s -> infinity at line 3075.","In particular, increasing T realizes the small-angle limit s_T -> 1.",codex-tcs-01-10
tcs,9,07_closest_vector_problem,strategies,False,0,937,937,1,1,1,high,The inserted claim q = (1 + o(1)) N^200 for q chosen as the least power of two at least N^200.,"The false asymptotic is an isolated inserted assertion. Subsequent field construction and size estimates use only the unchanged constant-factor bounds N^200 <= q < 2N^200, so the inserted claim has no downstream direct use.","In particular, q = (1 + o(1))N^200 as N tends to infinity.",codex-tcs-01-10
tcs,10,07_closest_vector_problem,generic,False,0,1641,1668,23,23,23,high,"The exponent z in Lemma 12, reduced from h U_h + 1 to h U_h, eliminating the strict valuation gap.","The changed exponent is checked against the available moment range, used in the Vandermonde system and valuation estimate, and then directly consumed by the purported contradiction. Line 1668 states the resulting Lemma 12 conclusion as (16); the following clause-matching section uses that conclusion as a packaged subresult.","Therefore v_i(y_s) >= 0 for every root, which is precisely (16).",codex-tcs-01-10
tcs,12,07_closest_vector_problem,strategies,True,1,937,937,1,1,1,high,The added relative asymptotic q = (1 + o(1)) N^200 for the least power of two q at least N^200.,The inserted sentence is not used downstream; subsequent size arguments use only the unchanged two-sided bound N^200 <= q < 2N^200.,Thus q = (1 + o(1))N 200 as N → ∞.,codex-tcs-11-20
tcs,13,01_high_dimensional_sphere_packing,generic,False,0,1374,1467,89,89,89,high,"The shortened exponential-series truncation N = ceil((4/9) log lambda), together with the dependent value of p and tail estimate.","The altered truncation controls the contour shift, residue sum, remainder and tail bounds through the claimed positivity estimate (82). Line 1467 closes that lemma; the following theorem uses (82) as the packaged subresult.",f+ (r) / f+ (0) = e−y (1 + O_epsilon((log lambda)^2/lambda^(3/4))) > 0 ... (82),codex-tcs-11-20
tcs,14,01_high_dimensional_sphere_packing,strategies,True,2,1009,1028,18,18,18,high,"The strengthened third-moment estimate (52), changing its eta dependence from C/eta^2 to C/eta^3.","The proof directly addresses the third-moment bound through the polygamma identity ending on line 1028. The rest of the lemma proves a different damping estimate, and later use of (52) treats it as an already packaged bound.","(1/lambda) integral a^3 mu_{lambda,eta}(a) da = -(lambda^2/8) psi^(2)(m).",codex-tcs-11-20
tcs,15,07_closest_vector_problem,strategies,False,0,1243,1315,54,54,54,high,The strengthened Cramer-rule numerator degree bound deg n_l <= d(h^2 - l - 1).,"The statement is revisited in the Cramer-rule calculation, whose final displayed line asserts the same altered degree bound. The proof then moves to specialization and does not use the strengthened numerator bound again.",d(h(h - 1) + h - l - 1) = d(h^2 - l - 1) <= dh^2.,codex-tcs-11-20
tcs,16,07_closest_vector_problem,generic,False,0,170,1703,1190,1190,1190,high,"The weakened clause-matching condition (C2), which reproduces global indicators only at nonzero field values and drops w = 0.","The earliest dependent edit is the overview's nonzero-value formulation. The weakened condition is instantiated in (C2), propagated to positive-degree moment equalities, and directly drives the altered Vandermonde argument through Lemma 13's final clause-root conclusion on line 1703. Proposition 14 thereafter cites Lemma 13 as an opaque result.",Thus W_C = empty. A root appearing once in R0 must therefore occur at least once among the clause subtype root sets.,codex-tcs-11-20
tcs,17,05_arithmetic_circuit_complexity,strategies,False,0,1305,1308,4,4,4,high,The exact Kronecker-product determinant with one missing power of q1 - q2.,The altered determinant is immediately used for nonvanishing and then for algebraic independence via the Jacobian criterion. Line 1308 finishes that inference; the next paragraph turns to the general plan without using this exact determinant value.,certifies independence before specialization.,codex-tcs-11-20
tcs,18,05_arithmetic_circuit_complexity,generic,False,0,510,552,41,41,41,high,The relaxed hypothesis k + delta <= m + 1 and corresponding non-strict projective avoidance principle in Lemma 4.2.,"The relaxed hypothesis feeds the first avoidance step and the construction of W; that nonvanishing property is then consumed by the second projection step to establish F^(-1)(0) = {0}. Line 552 closes Lemma 4.2, after which Proposition 4.3 invokes the lemma as a packaged result.","Its coordinates remain homogeneous of degree d - 1, as required.",codex-tcs-11-20
tcs,19,02_binary_and_spherical_codes,strategies,True,3,799,803,5,5,5,high,The added floor-insensitive relative asymptotic for the Boolean harmonic dimension d_k^square.,"The mutation is a self-contained strengthening occupying lines 799-803. The following rate argument can and does rely on the unchanged logarithmic asymptotic above it, so it does not directly consume the false relative asymptotic.",d_k^square = (1 + o(1)) ((1 - 2b)/(1 - b)) 2^(n H_2(b)) / sqrt(2 pi n b(1 - b)).,codex-tcs-11-20
tcs,20,02_binary_and_spherical_codes,generic,False,0,1277,1295,19,19,19,high,"The upward even rounding of d_n and the resulting reversed comparison between A_2(n, ceil(delta n)) and A_2(n, d_n).","The altered finite-distance transfer supplies the starting code bound; d_n continues into the finite threshold and the argument's conclusion. Line 1295 packages the result as Theorem 3.6, and later text only invokes equation (49).",Taking the logarithmic rate of this finite Johnson bound ... proves (49).,codex-tcs-11-20
tcs,21,06_quantum_parallel_repetition,strategies,False,0,173,1705,1234,1234,1234,high,"Pinsker's inequality with its square root removed, together with the propagated linear kappa and rounding constants",The false linear relative-entropy-to-total-variation conversion propagates through the history-sampleability bound and the single-game rounding calculation. Line 1705 is the final inference that directly consumes the altered kappa and B_qs constants to prove the quantitative bound; the references that follow do not use them.,Using the constants in (11) proves (12) with exactly the stated universal constant Bqs.,codex-tcs-21-30
tcs,22,06_quantum_parallel_repetition,generic,False,0,555,1708,930,930,930,high,"The normalized-vector estimate with constant 3 instead of 4 and its propagated 6 eta, 24 eta, and B_qs bounds","The first changed state-alignment bound is restated, derived from the false normalization inequality, and then consumed by the rounding error calculation. Line 1708 packages the last direct use of the altered constants into the claimed quantitative bound.",Using the constants in (11) proves (12) with exactly the stated universal constant Bqs.,codex-tcs-21-30
tcs,23,07_closest_vector_problem,strategies,True,1,936,936,1,1,1,high,The false relative asymptotic q = (1 + o(1)) N^200 for the next power-of-two field size,"The false asymptotic is asserted only on line 936. The subsequent construction uses the unchanged coarse factor-two bounds and e = O(log N), so it does not directly consume the relative asymptotic.","q = 2e = (1 + o(1))N 200, N 200 <= q < 2N 200, K = Fq.",codex-tcs-21-30
tcs,24,07_closest_vector_problem,generic,False,0,1541,1730,147,147,147,high,Independently chosen valuation extensions for each clause table instead of one common extension per shared variable,"The separate valuation choice enters Lemma 12 and is directly combined, invalidly, in Proposition 14 to claim agreement of local assignments. Line 1730 is the end of that proposition's proof, where the alleged agreement is packaged as a satisfying global assignment; later text cites Proposition 14 opaquely.","unused variables were discarded, they assemble into one global Boolean assignment; each clause is satisfied by construction.",codex-tcs-21-30
tcs,25,05_arithmetic_circuit_complexity,generic,False,0,1720,1750,30,30,30,high,The claim that multiplying a coefficient family by the common nonconstant scalar delta cannot increase transcendence degree,The false scaling claim yields the k^2 matching bound and is reused for arbitrary marked blocks. Lines 1740-1750 consume that extension to package the blockwise coefficient argument as a cubic ceiling. The later discussion merely cites the Section 11 result without reopening the common scalar.,"Thus summing blockwise coefficient transcendence degrees cannot give a supercubic determinant formula lower bound, regardless of how the entry-disjoint blocks are chosen.",codex-tcs-21-30
tcs,26,05_arithmetic_circuit_complexity,strategies,False,0,1765,1772,8,8,8,high,The incorrect inverse reconstruction A = D B D^-1 for B = D A D^-1,"The wrong inverse formula is immediately used to claim birational equivalence, algebraic independence of normalized entries, and the upper transcendence-degree bound. Line 1772 completes that upper-bound subresult; the following matching lower-bound argument proceeds in normalized coordinates and does not reuse the reconstruction.","field has transcendence degree (n - 1)^2, giving the corresponding upper bound.",codex-tcs-21-30
tcs,27,05_arithmetic_circuit_complexity,generic,True,1,315,1675,1262,1262,1262,high,"The floor choice ell = floor(log_2 n), which makes m <= 2^ell and the m^2 binary-indexed coefficient family false","The parameter is first changed in the overview, repeated in (9.1), and directly drives Lemma 9.1 and both formula lower-bound proofs. Line 1675 closes the division-formula theorem proof, the final direct consumer of the invalid m^2 coefficient construction; the next section changes topic.",division-free case.,codex-tcs-21-30
tcs,28,05_arithmetic_circuit_complexity,strategies,False,0,1305,1308,4,4,4,high,The determinant of a 2-by-2 Kronecker product with the required squares omitted,"Although the exact determinant formula is false, its nonvanishing conclusion remains true and is consumed only by the next three lines to infer Jacobian invertibility and coefficient independence. Line 1308 completes that illustrative subresult; the general construction then begins independently.",certifies independence before specialization.,codex-tcs-21-30
tcs,29,05_arithmetic_circuit_complexity,generic,False,0,510,552,41,41,41,high,The off-by-one projective-avoidance condition k + delta <= m + 1 in Lemma 4.2,"The weakened condition is used throughout the first avoidance step and feeds the construction of W, A, and F. Line 552 closes Lemma 4.2 and packages the result. Proposition 4.3 later cites the lemma under the original stronger range, so it neither reopens nor exercises the erroneous boundary case.","Its coordinates remain homogeneous of degree d - 1, as required.",codex-tcs-21-30
tcs,30,05_arithmetic_circuit_complexity,strategies,False,0,1778,1786,9,9,9,high,The transposed t_i and t_j indices in the three-by-three principal-minor identity and dependent quadratic,"The false minor formula is used to define q_ij, derive the quadratic algebraicity relation, and conclude that every normalized entry is algebraic over the principal-minor field. Line 1786 packages this chain as the transcendence-degree equality; the subsequent formula lower bound uses that equality opaquely.",tdY(det X) = (n - 1)^2.,codex-tcs-21-30
tcs,31,02_binary_and_spherical_codes,strategies,True,2,799,802,4,4,4,high,"The inserted relative asymptotic for the truncated binomial sum, which omits the floor-dependent fractional-part factor.","The display ending on line 802 completes the new relative asymptotic. The following rate argument explicitly uses only the pre-existing normalized logarithmic estimate, so it does not consume the inserted multiplicative claim.",i=k i       1−2a  p2πna(1 − a),codex-tcs-31-40
tcs,32,02_binary_and_spherical_codes,generic,False,0,3056,3110,51,51,51,high,"The enlarged upper-hemisphere scale L_s^2 = 4/(1-s), together with its propagated LP denominator and limiting scale L_T.","The changed scale directly affects the auxiliary-function sign argument and LP estimate, and its final propagated occurrence is the displayed asymptotic for L_T ending on line 3110. Line 3111 concerns only s_T tending to one and does not consume the changed scale factor. The structural page-number line 3100 is excluded from the nonblank-line count.","1 − sT ∼ 1/sqrt(pi T),         LT = sqrt(4/(1 − sT)) ∼ 2 sqrt(pi) T^(1/4).",codex-tcs-31-40
tcs,33,06_quantum_parallel_repetition,strategies,False,0,569,1708,901,901,901,high,"The factor-one simultaneous correlated-sampling bound P(R_D != R_E) <= d_TV(D,E), propagated to the 2-kappa history mismatch and the reduced rounding constant B_qs.",The first changed occurrence is the 2-kappa conclusion in Lemma 3.3. The strengthened sampling constant is subsequently reopened and propagated through the appendix proof and the single-game rounding calculation; line 1708 is the final inference using the changed constant B_qs to package the result as equation (12). Later text does not reopen this dependency chain. Seventeen standalone PDF page-number lines in the interval are structural and excluded.,Using the constants in (11) proves (12) with exactly the stated universal constant Bqs.,codex-tcs-31-40
tcs,34,06_quantum_parallel_repetition,generic,False,0,1110,1556,349,349,349,high,The factor-1/2 strengthening of the entropy-gap bound in Lemma 4.3 and the false resolvent inequality used to derive it.,"Although the strengthened result is stated near line 1110, its changed proof in Appendix A.4 reopens the assertion. Line 1556 identifies the integrated expression with the left side of equation (25), completing the direct derivation and packaging it as Lemma 4.3; later uses cite the lemma opaquely. Six standalone PDF page-number lines are excluded.",The integral on the left is precisely the left side of (25).,codex-tcs-31-40
tcs,36,02_binary_and_spherical_codes,generic,True,1,2642,2688,41,41,41,high,"The converse residue assignment R_i proportional to alpha_i I(x_i), which is claimed to realize prescribed finite-mixture weights.","The residue choice supports the converse identification of all finite mixtures with hierarchy tuples, which is then used for the variational formula and the strict level-to-level improvement. Line 2688 is the end of that direct argument and packages the result as Corollary 8.2. The standalone page number on line 2681 is excluded.","This level-(r + 1) mixture has smaller relative entropy, proving gamma_{r+1} > gamma_r.",codex-tcs-31-40
tcs,37,01_high_dimensional_sphere_packing,strategies,False,0,813,816,4,4,4,high,"The dropped exponential factor in the negative-shell comparison, yielding the claimed bound b(a)e^{(u-1)a} and its dependent Taylor estimate.",Line 816 is the direct conclusion drawn from the changed comparison: the claimed uniform damping margin on the relevant contours. Subsequent arguments cite the resulting Lemma 4.2 margin as an opaque subresult rather than reopening this exponential estimate.,Thus the taper retains a damping margin of order epsilon on every contour -1 < u <= U.,codex-tcs-31-40
tcs,41,01_high_dimensional_sphere_packing,strategies,True,2,1408,1467,59,59,59,high,"The coefficient estimate for A_{lambda,n}, weakened from quadratic n(1+n)/lambda dependence to the false linear n/lambda dependence, together with its propagated summation error.","The altered coefficient estimate is consumed by the coefficient-error sum and the positivity conclusion (82); line 1467 closes Lemma 4.10, after which Theorem 4.1 cites (82) only as a packaged result.",f_+(r)/f_+(0) = e^{-y}(1 + O_epsilon(log lambda/lambda^{3/4})) > 0 ... (82) [proof box],codex-tcs-41-50
tcs,42,01_high_dimensional_sphere_packing,generic,True,1,1524,1589,61,61,61,high,The tail operator T_d g with its lower integration cutoff changed from 1 to 2.,"The changed cutoff is used throughout Proposition A.1's Fourier, differential, and radial-tail calculations. Line 1589 is the proposition's final consequence and proof closure, where the constructed T_d g yields A_+(d) < A_-(d).",Applying this strict decrease ... gives A_+(d) < A_-(d). [proof box],codex-tcs-41-50
tcs,43,06_quantum_parallel_repetition,strategies,False,0,562,1698,914,914,914,high,"The history-sampleability parameter kappa, falsely strengthened from sqrt(3 eta / 2) to eta, and the corresponding total-variation and rounding estimates.","The new kappa is repeated in the detailed lemma statement, falsely derived from Pinsker in Appendix A.6, and finally consumed in the single-game rounding bound. Line 1698 packages the last dependent calculation as the proof of (12).",Using the constants in (11) proves (12) with exactly the stated universal constant B_qs.,codex-tcs-41-50
tcs,44,06_quantum_parallel_repetition,generic,False,0,569,1704,912,912,912,high,"The simultaneous correlated-sampling mismatch guarantee, falsely improved from 2 d_TV(D,E) to the pairwise maximal-coupling bound d_TV(D,E), with reduced downstream constants.","The improved mismatch guarantee is propagated through Lemmas 3.3, 3.4, and 3.6, justified by the false gluing argument in Appendix A.7, and consumed by the final rounding constant. Line 1704 closes the last dependent proof calculation.",Using the constants in (11) proves (12) with exactly the stated universal constant B_qs.,codex-tcs-41-50
tcs,45,02_binary_and_spherical_codes,generic,True,3,3064,3076,13,13,13,high,"The Cohn-Zhao autocorrelation translation, changed from z+2x to z+x, together with the resulting separation, Fourier normalization, and LP prefactor.","The changed translation directly feeds the claimed spatial sign, auxiliary-function status, normalization, and displayed LP bound. Line 3076 completes that bound; the following sentence uses only the unchanged fact L_s tends to infinity.","LP_d <= ((1-s)/8)^{d/2} g_s(1)/g_{s,0}.",codex-tcs-41-50
tcs,46,02_binary_and_spherical_codes,strategies,True,2,2808,2808,1,1,1,high,The inserted one-sided assertion that pi sqrt(R) Z_R approaches 1 from above.,The false one-sided claim is complete on its insertion line and is not used later; the ensuing threshold argument uses only the valid two-sided convergence to 1.,and the normalized quantity pi sqrt(R) Z_R approaches 1 from above.,codex-tcs-41-50
tcs,47,07_closest_vector_problem,strategies,False,0,121,121,1,1,1,high,The introductory field-size summary strengthened from q = Theta(N^200) to q = (1+o(1)) N^200.,This is a self-contained summary assertion and is not used by the reduction or any later inference.,"q = (1 + o(1)) N^200, n <= 40 N^401",codex-tcs-41-50
tcs,48,07_closest_vector_problem,generic,False,0,1619,1668,37,37,37,high,"The root-valuation denominator bound in (20), changed from h to max{1,h-1}, and the correspondingly reduced moment exponent z.","The strengthened valuation bound determines z and is consumed in the contradiction proving nonnegative root valuations. Line 1668 states the resulting conclusion (16), after which the next section uses that packaged lemma result.","a contradiction. Therefore v_i(y_s) >= 0 for every root, which is precisely (16).",codex-tcs-41-50
tcs,49,01_high_dimensional_sphere_packing,generic,False,0,162,171,10,10,10,high,"The Gaussian correction psi_-, whose constant is changed from d/(4 pi) to (d+2)/(4 pi), destroying its negative Fourier eigenvalue.",The altered correction is directly asserted to be a Fourier eigenfunction and then used to define g_n. Line 171 packages the resulting (false) Schwartz approximation before the proof moves to the Mellin transform.,"g_n ... satisfies ... hat g_n = varsigma g_n, g_n(0)=0, and g_n -> g in L1.",codex-tcs-41-50
tcs,50,01_high_dimensional_sphere_packing,strategies,True,1,1462,1466,5,5,5,high,The inserted uniform relative asymptotic replacing p = ceil(log lambda)+1/2 by log lambda+1/2 inside y^p/Gamma(1+p).,The inserted assertion occupies lines 1462-1466 and has no downstream direct use: the tail conclusion beginning later on line 1466 follows from the preceding coarse logarithmic estimate instead.,"y^p/Gamma(1+p) = (1+o(1)) y^{log lambda+1/2}/Gamma(log lambda+3/2), uniformly ...",codex-tcs-41-50
